LocalTime, GPSTime, ESSID, BSSID, Power, Security, Latitude, Longitude, Latitude Error, Longitude Error, Type
2022-10-07 11:42:10,1900-01-00 00:00:00,,2E:1E:C1:B6:61:07,-32, ,0.000000,0.000000,0.000,0.000,AP
2022-10-07 11:42:10,1900-01-00 00:00:00,iPhone Y,2E:1E:C1:B6:61:07,-34, WPA2 ,0.000000,0.000000,0.000,0.000,AP
2022-10-07 11:42:10,1900-01-00 00:00:00,iPhone Y,2E:1E:C1:B6:61:07,-32, WPA2 ,0.000000,0.000000,0.000,0.000,AP
2022-10-07 11:42:10,1900-01-00 00:00:00,iPhone Y,2E:1E:C1:B6:61:07,-30, WPA2 ,0.000000,0.000000,0.000,0.000,AP
2022-10-07 11:42:10,1900-01-00 00:00:00,iPhone Y,2E:1E:C1:B6:61:07,-32, WPA2 ,0.000000,0.000000,0.000,0.000,AP
2022-10-07 11:42:10,1900-01-00 00:00:00,iPhone Y,2E:1E:C1:B6:61:07,-32, WPA2 ,0.000000,0.000000,0.000,0.000,AP
2022-10-07 11:42:10,1900-01-00 00:00:00,iPhone Y,2E:1E:C1:B6:61:07,-32, WPA2 ,0.000000,0.000000,0.000,0.000,AP
2022-10-07 11:42:10,1900-01-00 00:00:00,iPhone Y,2E:1E:C1:B6:61:07,-34, WPA2 ,0.000000,0.000000,0.000,0.000,AP
2022-10-07 11:42:10,1900-01-00 00:00:00,iPhone Y,2E:1E:C1:B6:61:07,-32, WPA2 ,0.000000,0.000000,0.000,0.000,AP
2022-10-07 11:42:10,1900-01-00 00:00:00,,0E:CF:57:B2:52:D9,-12,,0.000000,0.000000,0.000,0.000,Client
2022-10-07 11:42:10,1900-01-00 00:00:00,,0E:CF:57:B2:52:D9,-10,,0.000000,0.000000,0.000,0.000,Client
2022-10-07 11:42:10,1900-01-00 00:00:00,,0E:CF:57:B2:52:D9,-10,,0.000000,0.000000,0.000,0.000,Client
2022-10-07 11:42:10,1900-01-00 00:00:00,iPhone Y,2E:1E:C1:B6:61:07,-46, WPA2 ,0.000000,0.000000,0.000,0.000,AP
2022-10-07 11:42:10,1900-01-00 00:00:00,iPhone Y,2E:1E:C1:B6:61:07,-42, WPA2 ,0.000000,0.000000,0.000,0.000,AP
2022-10-07 11:42:10,1900-01-00 00:00:00,,0E:CF:57:B2:52:D9,-76,,0.000000,0.000000,0.000,0.000,Client
2022-10-07 11:42:10,1900-01-00 00:00:00,iPhone Y,2E:1E:C1:B6:61:07,-44, WPA2 ,0.000000,0.000000,0.000,0.000,AP
2022-10-07 11:42:10,1900-01-00 00:00:00,iPhone Y,2E:1E:C1:B6:61:07,-46, WPA2 ,0.000000,0.000000,0.000,0.000,AP
2022-10-07 11:42:11,1900-01-00 00:00:00,iPhone Y,2E:1E:C1:B6:61:07,-40, WPA2 ,0.000000,0.000000,0.000,0.000,AP
2022-10-07 11:42:11,1900-01-00 00:00:00,iPhone Y,2E:1E:C1:B6:61:07,-44, WPA2 ,0.000000,0.000000,0.000,0.000,AP
2022-10-07 11:42:11,1900-01-00 00:00:00,iPhone Y,2E:1E:C1:B6:61:07,-42, WPA2 ,0.000000,0.000000,0.000,0.000,AP
2022-10-07 11:42:11,1900-01-00 00:00:00,iPhone Y,2E:1E:C1:B6:61:07,-44, WPA2 ,0.000000,0.000000,0.000,0.000,AP
2022-10-07 11:42:11,1900-01-00 00:00:00,iPhone Y,2E:1E:C1:B6:61:07,-44, WPA2 ,0.000000,0.000000,0.000,0.000,AP
2022-10-07 11:42:11,1900-01-00 00:00:00,iPhone Y,2E:1E:C1:B6:61:07,-44, WPA2 ,0.000000,0.000000,0.000,0.000,AP
2022-10-07 11:42:11,1900-01-00 00:00:00,iPhone Y,2E:1E:C1:B6:61:07,-44, WPA2 ,0.000000,0.000000,0.000,0.000,AP
2022-10-07 11:42:11,1900-01-00 00:00:00,iPhone Y,2E:1E:C1:B6:61:07,-44, WPA2 ,0.000000,0.000000,0.000,0.000,AP
2022-10-07 11:42:11,1900-01-00 00:00:00,iPhone Y,2E:1E:C1:B6:61:07,-40, WPA2 ,0.000000,0.000000,0.000,0.000,AP
2022-10-07 11:42:11,1900-01-00 00:00:00,iPhone Y,2E:1E:C1:B6:61:07,-42, WPA2 ,0.000000,0.000000,0.000,0.000,AP
2022-10-07 11:42:11,1900-01-00 00:00:00,iPhone Y,2E:1E:C1:B6:61:07,-44, WPA2 ,0.000000,0.000000,0.000,0.000,AP
2022-10-07 11:42:11,1900-01-00 00:00:00,iPhone Y,2E:1E:C1:B6:61:07,-44, WPA2 ,0.000000,0.000000,0.000,0.000,AP
2022-10-07 11:42:11,1900-01-00 00:00:00,,0E:CF:57:B2:52:D9,-34,,0.000000,0.000000,0.000,0.000,Client
2022-10-07 11:42:11,1900-01-00 00:00:00,,0E:CF:57:B2:52:D9,-34,,0.000000,0.000000,0.000,0.000,Client
2022-10-07 11:42:11,1900-01-00 00:00:00,,0E:CF:57:B2:52:D9,-34,,0.000000,0.000000,0.000,0.000,Client
2022-10-07 11:42:11,1900-01-00 00:00:00,,0E:CF:57:B2:52:D9,-34,,0.000000,0.000000,0.000,0.000,Client
2022-10-07 11:42:11,1900-01-00 00:00:00,iPhone Y,2E:1E:C1:B6:61:07,-44, WPA2 ,0.000000,0.000000,0.000,0.000,AP
2022-10-07 11:42:11,1900-01-00 00:00:00,,0E:CF:57:B2:52:D9,-34,,0.000000,0.000000,0.000,0.000,Client
2022-10-07 11:42:11,1900-01-00 00:00:00,iPhone Y,2E:1E:C1:B6:61:07,-46, WPA2 ,0.000000,0.000000,0.000,0.000,AP
2022-10-07 11:42:11,1900-01-00 00:00:00,iPhone Y,2E:1E:C1:B6:61:07,-46, WPA2 ,0.000000,0.000000,0.000,0.000,AP
2022-10-07 11:42:11,1900-01-00 00:00:00,iPhone Y,2E:1E:C1:B6:61:07,-42, WPA2 ,0.000000,0.000000,0.000,0.000,AP
2022-10-07 11:42:11,1900-01-00 00:00:00,,0E:CF:57:B2:52:D9,-10,,0.000000,0.000000,0.000,0.000,Client
2022-10-07 11:42:11,1900-01-00 00:00:00,,0E:CF:57:B2:52:D9,-10,,0.000000,0.000000,0.000,0.000,Client
2022-10-07 11:42:11,1900-01-00 00:00:00,,0E:CF:57:B2:52:D9,-10,,0.000000,0.000000,0.000,0.000,Client
2022-10-07 11:42:11,1900-01-00 00:00:00,iPhone Y,2E:1E:C1:B6:61:07,-42, WPA2 ,0.000000,0.000000,0.000,0.000,AP
2022-10-07 11:42:11,1900-01-00 00:00:00,iPhone Y,2E:1E:C1:B6:61:07,-42, WPA2 ,0.000000,0.000000,0.000,0.000,AP
2022-10-07 11:42:11,1900-01-00 00:00:00,iPhone Y,2E:1E:C1:B6:61:07,-40, WPA2 ,0.000000,0.000000,0.000,0.000,AP
2022-10-07 11:42:11,1900-01-00 00:00:00,,0E:CF:57:B2:52:D9,-8,,0.000000,0.000000,0.000,0.000,Client
2022-10-07 11:42:11,1900-01-00 00:00:00,,0E:CF:57:B2:52:D9,-8,,0.000000,0.000000,0.000,0.000,Client
2022-10-07 11:42:11,1900-01-00 00:00:00,,0E:CF:57:B2:52:D9,-10,,0.000000,0.000000,0.000,0.000,Client
2022-10-07 11:42:11,1900-01-00 00:00:00,,0E:CF:57:B2:52:D9,-10,,0.000000,0.000000,0.000,0.000,Client
2022-10-07 11:42:11,1900-01-00 00:00:00,iPhone Y,2E:1E:C1:B6:61:07,-38, WPA2 ,0.000000,0.000000,0.000,0.000,AP
2022-10-07 11:42:11,1900-01-00 00:00:00,iPhone Y,2E:1E:C1:B6:61:07,-38, WPA2 ,0.000000,0.000000,0.000,0.000,AP
2022-10-07 11:42:11,1900-01-00 00:00:00,iPhone Y,2E:1E:C1:B6:61:07,-42, WPA2 ,0.000000,0.000000,0.000,0.000,AP
2022-10-07 11:42:11,1900-01-00 00:00:00,iPhone Y,2E:1E:C1:B6:61:07,-44, WPA2 ,0.000000,0.000000,0.000,0.000,AP
2022-10-07 11:42:11,1900-01-00 00:00:00,iPhone Y,2E:1E:C1:B6:61:07,-42, WPA2 ,0.000000,0.000000,0.000,0.000,AP
2022-10-07 11:42:11,1900-01-00 00:00:00,iPhone Y,2E:1E:C1:B6:61:07,-44, WPA2 ,0.000000,0.000000,0.000,0.000,AP
2022-10-07 11:42:11,1900-01-00 00:00:00,iPhone Y,2E:1E:C1:B6:61:07,-40, WPA2 ,0.000000,0.000000,0.000,0.000,AP
2022-10-07 11:42:11,1900-01-00 00:00:00,iPhone Y,2E:1E:C1:B6:61:07,-42, WPA2 ,0.000000,0.000000,0.000,0.000,AP
2022-10-07 11:42:11,1900-01-00 00:00:00,iPhone Y,2E:1E:C1:B6:61:07,-44, WPA2 ,0.000000,0.000000,0.000,0.000,AP
2022-10-07 11:42:11,1900-01-00 00:00:00,iPhone Y,2E:1E:C1:B6:61:07,-44, WPA2 ,0.000000,0.000000,0.000,0.000,AP
2022-10-07 11:42:11,1900-01-00 00:00:00,iPhone Y,2E:1E:C1:B6:61:07,-44, WPA2 ,0.000000,0.000000,0.000,0.000,AP
2022-10-07 11:42:12,1900-01-00 00:00:00,iPhone Y,2E:1E:C1:B6:61:07,-42, WPA2 ,0.000000,0.000000,0.000,0.000,AP
2022-10-07 11:42:12,1900-01-00 00:00:00,iPhone Y,2E:1E:C1:B6:61:07,-42, WPA2 ,0.000000,0.000000,0.000,0.000,AP
2022-10-07 11:42:12,1900-01-00 00:00:00,,0E:CF:57:B2:52:D9,-10,,0.000000,0.000000,0.000,0.000,Client
2022-10-07 11:42:12,1900-01-00 00:00:00,,0E:CF:57:B2:52:D9,-10,,0.000000,0.000000,0.000,0.000,Client
2022-10-07 11:42:12,1900-01-00 00:00:00,,0E:CF:57:B2:52:D9,-10,,0.000000,0.000000,0.000,0.000,Client
2022-10-07 11:42:12,1900-01-00 00:00:00,iPhone Y,2E:1E:C1:B6:61:07,-40, WPA2 ,0.000000,0.000000,0.000,0.000,AP
2022-10-07 11:42:12,1900-01-00 00:00:00,iPhone Y,2E:1E:C1:B6:61:07,-42, WPA2 ,0.000000,0.000000,0.000,0.000,AP
2022-10-07 11:42:12,1900-01-00 00:00:00,iPhone Y,2E:1E:C1:B6:61:07,-42, WPA2 ,0.000000,0.000000,0.000,0.000,AP
2022-10-07 11:42:12,1900-01-00 00:00:00,iPhone Y,2E:1E:C1:B6:61:07,-42, WPA2 ,0.000000,0.000000,0.000,0.000,AP
2022-10-07 11:42:12,1900-01-00 00:00:00,iPhone Y,2E:1E:C1:B6:61:07,-42, WPA2 ,0.000000,0.000000,0.000,0.000,AP
2022-10-07 11:42:12,1900-01-00 00:00:00,iPhone Y,2E:1E:C1:B6:61:07,-42, WPA2 ,0.000000,0.000000,0.000,0.000,AP
2022-10-07 11:42:12,1900-01-00 00:00:00,iPhone Y,2E:1E:C1:B6:61:07,-42, WPA2 ,0.000000,0.000000,0.000,0.000,AP
2022-10-07 11:42:12,1900-01-00 00:00:00,iPhone Y,2E:1E:C1:B6:61:07,-38, WPA2 ,0.000000,0.000000,0.000,0.000,AP
2022-10-07 11:42:12,1900-01-00 00:00:00,iPhone Y,2E:1E:C1:B6:61:07,-42, WPA2 ,0.000000,0.000000,0.000,0.000,AP
2022-10-07 11:42:12,1900-01-00 00:00:00,iPhone Y,2E:1E:C1:B6:61:07,-42, WPA2 ,0.000000,0.000000,0.000,0.000,AP
2022-10-07 11:42:12,1900-01-00 00:00:00,iPhone Y,2E:1E:C1:B6:61:07,-42, WPA2 ,0.000000,0.000000,0.000,0.000,AP
2022-10-07 11:42:12,1900-01-00 00:00:00,iPhone Y,2E:1E:C1:B6:61:07,-42, WPA2 ,0.000000,0.000000,0.000,0.000,AP
2022-10-07 11:42:12,1900-01-00 00:00:00,iPhone Y,2E:1E:C1:B6:61:07,-42, WPA2 ,0.000000,0.000000,0.000,0.000,AP
2022-10-07 11:42:12,1900-01-00 00:00:00,iPhone Y,2E:1E:C1:B6:61:07,-42, WPA2 ,0.000000,0.000000,0.000,0.000,AP
2022-10-07 11:42:12,1900-01-00 00:00:00,iPhone Y,2E:1E:C1:B6:61:07,-42, WPA2 ,0.000000,0.000000,0.000,0.000,AP
2022-10-07 11:42:12,1900-01-00 00:00:00,iPhone Y,2E:1E:C1:B6:61:07,-42, WPA2 ,0.000000,0.000000,0.000,0.000,AP
2022-10-07 11:42:12,1900-01-00 00:00:00,,0E:CF:57:B2:52:D9,-10,,0.000000,0.000000,0.000,0.000,Client
2022-10-07 11:42:12,1900-01-00 00:00:00,,0E:CF:57:B2:52:D9,-10,,0.000000,0.000000,0.000,0.000,Client
2022-10-07 11:42:12,1900-01-00 00:00:00,,0E:CF:57:B2:52:D9,-10,,0.000000,0.000000,0.000,0.000,Client
2022-10-07 11:42:12,1900-01-00 00:00:00,,0E:CF:57:B2:52:D9,-10,,0.000000,0.000000,0.000,0.000,Client
2022-10-07 11:42:12,1900-01-00 00:00:00,,0E:CF:57:B2:52:D9,-28,,0.000000,0.000000,0.000,0.000,Client
2022-10-07 11:42:12,1900-01-00 00:00:00,,0E:CF:57:B2:52:D9,-26,,0.000000,0.000000,0.000,0.000,Client
2022-10-07 11:42:12,1900-01-00 00:00:00,iPhone Y,2E:1E:C1:B6:61:07,-40, WPA2 ,0.000000,0.000000,0.000,0.000,AP
2022-10-07 11:42:12,1900-01-00 00:00:00,iPhone Y,2E:1E:C1:B6:61:07,-38, WPA2 ,0.000000,0.000000,0.000,0.000,AP
2022-10-07 11:42:12,1900-01-00 00:00:00,iPhone Y,2E:1E:C1:B6:61:07,-38, WPA2 ,0.000000,0.000000,0.000,0.000,AP
2022-10-07 11:42:12,1900-01-00 00:00:00,iPhone Y,2E:1E:C1:B6:61:07,-42, WPA2 ,0.000000,0.000000,0.000,0.000,AP
2022-10-07 11:42:12,1900-01-00 00:00:00,iPhone Y,2E:1E:C1:B6:61:07,-38, WPA2 ,0.000000,0.000000,0.000,0.000,AP
2022-10-07 11:42:12,1900-01-00 00:00:00,iPhone Y,2E:1E:C1:B6:61:07,-40, WPA2 ,0.000000,0.000000,0.000,0.000,AP
2022-10-07 11:42:12,1900-01-00 00:00:00,iPhone Y,2E:1E:C1:B6:61:07,-42, WPA2 ,0.000000,0.000000,0.000,0.000,AP
2022-10-07 11:42:12,1900-01-00 00:00:00,,0E:CF:57:B2:52:D9,-10,,0.000000,0.000000,0.000,0.000,Client
2022-10-07 11:42:12,1900-01-00 00:00:00,iPhone Y,2E:1E:C1:B6:61:07,-38, WPA2 ,0.000000,0.000000,0.000,0.000,AP
2022-10-07 11:42:12,1900-01-00 00:00:00,,0E:CF:57:B2:52:D9,-10,,0.000000,0.000000,0.000,0.000,Client
2022-10-07 11:42:12,1900-01-00 00:00:00,iPhone Y,2E:1E:C1:B6:61:07,-48, WPA2 ,0.000000,0.000000,0.000,0.000,AP
2022-10-07 11:42:12,1900-01-00 00:00:00,iPhone Y,2E:1E:C1:B6:61:07,-46, WPA2 ,0.000000,0.000000,0.000,0.000,AP
2022-10-07 11:42:12,1900-01-00 00:00:00,iPhone Y,2E:1E:C1:B6:61:07,-44, WPA2 ,0.000000,0.000000,0.000,0.000,AP
2022-10-07 11:42:12,1900-01-00 00:00:00,iPhone Y,2E:1E:C1:B6:61:07,-46, WPA2 ,0.000000,0.000000,0.000,0.000,AP
2022-10-07 11:42:12,1900-01-00 00:00:00,iPhone Y,2E:1E:C1:B6:61:07,-48, WPA2 ,0.000000,0.000000,0.000,0.000,AP
2022-10-07 11:42:12,1900-01-00 00:00:00,iPhone Y,2E:1E:C1:B6:61:07,-46, WPA2 ,0.000000,0.000000,0.000,0.000,AP
2022-10-07 11:42:12,1900-01-00 00:00:00,iPhone Y,2E:1E:C1:B6:61:07,-44, WPA2 ,0.000000,0.000000,0.000,0.000,AP
2022-10-07 11:42:12,1900-01-00 00:00:00,iPhone Y,2E:1E:C1:B6:61:07,-46, WPA2 ,0.000000,0.000000,0.000,0.000,AP
2022-10-07 11:42:12,1900-01-00 00:00:00,iPhone Y,2E:1E:C1:B6:61:07,-38, WPA2 ,0.000000,0.000000,0.000,0.000,AP
2022-10-07 11:42:13,1900-01-00 00:00:00,iPhone Y,2E:1E:C1:B6:61:07,-44, WPA2 ,0.000000,0.000000,0.000,0.000,AP
2022-10-07 11:42:13,1900-01-00 00:00:00,iPhone Y,2E:1E:C1:B6:61:07,-46, WPA2 ,0.000000,0.000000,0.000,0.000,AP
2022-10-07 11:42:13,1900-01-00 00:00:00,iPhone Y,2E:1E:C1:B6:61:07,-48, WPA2 ,0.000000,0.000000,0.000,0.000,AP
2022-10-07 11:42:13,1900-01-00 00:00:00,iPhone Y,2E:1E:C1:B6:61:07,-48, WPA2 ,0.000000,0.000000,0.000,0.000,AP
2022-10-07 11:42:13,1900-01-00 00:00:00,iPhone Y,2E:1E:C1:B6:61:07,-46, WPA2 ,0.000000,0.000000,0.000,0.000,AP
2022-10-07 11:42:13,1900-01-00 00:00:00,,0E:CF:57:B2:52:D9,-12,,0.000000,0.000000,0.000,0.000,Client
2022-10-07 11:42:13,1900-01-00 00:00:00,,0E:CF:57:B2:52:D9,-12,,0.000000,0.000000,0.000,0.000,Client
2022-10-07 11:42:13,1900-01-00 00:00:00,iPhone Y,2E:1E:C1:B6:61:07,-44, WPA2 ,0.000000,0.000000,0.000,0.000,AP
2022-10-07 11:42:13,1900-01-00 00:00:00,,0E:CF:57:B2:52:D9,-12,,0.000000,0.000000,0.000,0.000,Client
2022-10-07 11:42:13,1900-01-00 00:00:00,,0E:CF:57:B2:52:D9,-10,,0.000000,0.000000,0.000,0.000,Client
2022-10-07 11:42:13,1900-01-00 00:00:00,iPhone Y,2E:1E:C1:B6:61:07,-42, WPA2 ,0.000000,0.000000,0.000,0.000,AP
2022-10-07 11:42:13,1900-01-00 00:00:00,iPhone Y,2E:1E:C1:B6:61:07,-68, WPA2 ,0.000000,0.000000,0.000,0.000,AP
2022-10-07 11:42:13,1900-01-00 00:00:00,iPhone Y,2E:1E:C1:B6:61:07,-42, WPA2 ,0.000000,0.000000,0.000,0.000,AP
2022-10-07 11:42:13,1900-01-00 00:00:00,iPhone Y,2E:1E:C1:B6:61:07,-42, WPA2 ,0.000000,0.000000,0.000,0.000,AP
2022-10-07 11:42:13,1900-01-00 00:00:00,iPhone Y,2E:1E:C1:B6:61:07,-42, WPA2 ,0.000000,0.000000,0.000,0.000,AP
2022-10-07 11:42:13,1900-01-00 00:00:00,iPhone Y,2E:1E:C1:B6:61:07,-42, WPA2 ,0.000000,0.000000,0.000,0.000,AP
2022-10-07 11:42:13,1900-01-00 00:00:00,iPhone Y,2E:1E:C1:B6:61:07,-42, WPA2 ,0.000000,0.000000,0.000,0.000,AP
2022-10-07 11:42:13,1900-01-00 00:00:00,iPhone Y,2E:1E:C1:B6:61:07,-44, WPA2 ,0.000000,0.000000,0.000,0.000,AP
2022-10-07 11:42:13,1900-01-00 00:00:00,,0E:CF:57:B2:52:D9,-12,,0.000000,0.000000,0.000,0.000,Client
2022-10-07 11:42:13,1900-01-00 00:00:00,iPhone Y,2E:1E:C1:B6:61:07,-44, WPA2 ,0.000000,0.000000,0.000,0.000,AP
2022-10-07 11:42:14,1900-01-00 00:00:00,iPhone Y,2E:1E:C1:B6:61:07,-44, WPA2 ,0.000000,0.000000,0.000,0.000,AP
2022-10-07 11:42:14,1900-01-00 00:00:00,iPhone Y,2E:1E:C1:B6:61:07,-42, WPA2 ,0.000000,0.000000,0.000,0.000,AP
2022-10-07 11:42:14,1900-01-00 00:00:00,iPhone Y,2E:1E:C1:B6:61:07,-44, WPA2 ,0.000000,0.000000,0.000,0.000,AP
2022-10-07 11:42:14,1900-01-00 00:00:00,iPhone Y,2E:1E:C1:B6:61:07,-44, WPA2 ,0.000000,0.000000,0.000,0.000,AP
2022-10-07 11:42:14,1900-01-00 00:00:00,iPhone Y,2E:1E:C1:B6:61:07,-44, WPA2 ,0.000000,0.000000,0.000,0.000,AP
2022-10-07 11:42:14,1900-01-00 00:00:00,iPhone Y,2E:1E:C1:B6:61:07,-44, WPA2 ,0.000000,0.000000,0.000,0.000,AP
2022-10-07 11:42:14,1900-01-00 00:00:00,iPhone Y,2E:1E:C1:B6:61:07,-44, WPA2 ,0.000000,0.000000,0.000,0.000,AP
2022-10-07 11:42:14,1900-01-00 00:00:00,iPhone Y,2E:1E:C1:B6:61:07,-46, WPA2 ,0.000000,0.000000,0.000,0.000,AP
2022-10-07 11:42:14,1900-01-00 00:00:00,iPhone Y,2E:1E:C1:B6:61:07,-46, WPA2 ,0.000000,0.000000,0.000,0.000,AP
2022-10-07 11:42:14,1900-01-00 00:00:00,iPhone Y,2E:1E:C1:B6:61:07,-46, WPA2 ,0.000000,0.000000,0.000,0.000,AP
2022-10-07 11:42:14,1900-01-00 00:00:00,iPhone Y,2E:1E:C1:B6:61:07,-44, WPA2 ,0.000000,0.000000,0.000,0.000,AP
2022-10-07 11:42:14,1900-01-00 00:00:00,iPhone Y,2E:1E:C1:B6:61:07,-46, WPA2 ,0.000000,0.000000,0.000,0.000,AP
2022-10-07 11:42:14,1900-01-00 00:00:00,iPhone Y,2E:1E:C1:B6:61:07,-46, WPA2 ,0.000000,0.000000,0.000,0.000,AP
2022-10-07 11:42:14,1900-01-00 00:00:00,iPhone Y,2E:1E:C1:B6:61:07,-46, WPA2 ,0.000000,0.000000,0.000,0.000,AP
2022-10-07 11:42:14,1900-01-00 00:00:00,iPhone Y,2E:1E:C1:B6:61:07,-46, WPA2 ,0.000000,0.000000,0.000,0.000,AP
2022-10-07 11:42:14,1900-01-00 00:00:00,iPhone Y,2E:1E:C1:B6:61:07,-46, WPA2 ,0.000000,0.000000,0.000,0.000,AP
2022-10-07 11:42:14,1900-01-00 00:00:00,iPhone Y,2E:1E:C1:B6:61:07,-46, WPA2 ,0.000000,0.000000,0.000,0.000,AP
2022-10-07 11:42:14,1900-01-00 00:00:00,iPhone Y,2E:1E:C1:B6:61:07,-44, WPA2 ,0.000000,0.000000,0.000,0.000,AP
2022-10-07 11:42:14,1900-01-00 00:00:00,iPhone Y,2E:1E:C1:B6:61:07,-46, WPA2 ,0.000000,0.000000,0.000,0.000,AP
2022-10-07 11:42:14,1900-01-00 00:00:00,iPhone Y,2E:1E:C1:B6:61:07,-46, WPA2 ,0.000000,0.000000,0.000,0.000,AP
2022-10-07 11:42:14,1900-01-00 00:00:00,,0E:CF:57:B2:52:D9,-10,,0.000000,0.000000,0.000,0.000,Client
2022-10-07 11:42:14,1900-01-00 00:00:00,iPhone Y,2E:1E:C1:B6:61:07,-46, WPA2 ,0.000000,0.000000,0.000,0.000,AP
2022-10-07 11:42:14,1900-01-00 00:00:00,iPhone Y,2E:1E:C1:B6:61:07,-48, WPA2 ,0.000000,0.000000,0.000,0.000,AP
2022-10-07 11:42:14,1900-01-00 00:00:00,iPhone Y,2E:1E:C1:B6:61:07,-48, WPA2 ,0.000000,0.000000,0.000,0.000,AP
2022-10-07 11:42:14,1900-01-00 00:00:00,iPhone Y,2E:1E:C1:B6:61:07,-50, WPA2 ,0.000000,0.000000,0.000,0.000,AP
2022-10-07 11:42:14,1900-01-00 00:00:00,iPhone Y,2E:1E:C1:B6:61:07,-46, WPA2 ,0.000000,0.000000,0.000,0.000,AP
2022-10-07 11:42:14,1900-01-00 00:00:00,iPhone Y,2E:1E:C1:B6:61:07,-48, WPA2 ,0.000000,0.000000,0.000,0.000,AP
2022-10-07 11:42:14,1900-01-00 00:00:00,iPhone Y,2E:1E:C1:B6:61:07,-48, WPA2 ,0.000000,0.000000,0.000,0.000,AP
2022-10-07 11:42:14,1900-01-00 00:00:00,iPhone Y,2E:1E:C1:B6:61:07,-48, WPA2 ,0.000000,0.000000,0.000,0.000,AP
2022-10-07 11:42:14,1900-01-00 00:00:00,iPhone Y,2E:1E:C1:B6:61:07,-50, WPA2 ,0.000000,0.000000,0.000,0.000,AP
2022-10-07 11:42:14,1900-01-00 00:00:00,iPhone Y,2E:1E:C1:B6:61:07,-50, WPA2 ,0.000000,0.000000,0.000,0.000,AP
2022-10-07 11:42:14,1900-01-00 00:00:00,iPhone Y,2E:1E:C1:B6:61:07,-42, WPA2 ,0.000000,0.000000,0.000,0.000,AP
2022-10-07 11:42:15,1900-01-00 00:00:00,,0E:CF:57:B2:52:D9,-12,,0.000000,0.000000,0.000,0.000,Client
2022-10-07 11:42:15,1900-01-00 00:00:00,,0E:CF:57:B2:52:D9,-22,,0.000000,0.000000,0.000,0.000,Client
2022-10-07 11:42:15,1900-01-00 00:00:00,,0E:CF:57:B2:52:D9,-24,,0.000000,0.000000,0.000,0.000,Client
2022-10-07 11:42:15,1900-01-00 00:00:00,iPhone Y,2E:1E:C1:B6:61:07,-38, WPA2 ,0.000000,0.000000,0.000,0.000,AP
2022-10-07 11:42:15,1900-01-00 00:00:00,,0E:CF:57:B2:52:D9,-12,,0.000000,0.000000,0.000,0.000,Client
2022-10-07 11:42:15,1900-01-00 00:00:00,,0E:CF:57:B2:52:D9,-12,,0.000000,0.000000,0.000,0.000,Client
2022-10-07 11:42:15,1900-01-00 00:00:00,iPhone Y,2E:1E:C1:B6:61:07,-36, WPA2 ,0.000000,0.000000,0.000,0.000,AP
2022-10-07 11:42:15,1900-01-00 00:00:00,,0E:CF:57:B2:52:D9,-12,,0.000000,0.000000,0.000,0.000,Client
2022-10-07 11:42:15,1900-01-00 00:00:00,,0E:CF:57:B2:52:D9,-12,,0.000000,0.000000,0.000,0.000,Client
2022-10-07 11:42:15,1900-01-00 00:00:00,,0E:CF:57:B2:52:D9,-12,,0.000000,0.000000,0.000,0.000,Client
2022-10-07 11:42:15,1900-01-00 00:00:00,iPhone Y,2E:1E:C1:B6:61:07,-40, WPA2 ,0.000000,0.000000,0.000,0.000,AP
2022-10-07 11:42:15,1900-01-00 00:00:00,iPhone Y,2E:1E:C1:B6:61:07,-38, WPA2 ,0.000000,0.000000,0.000,0.000,AP
2022-10-07 11:42:15,1900-01-00 00:00:00,iPhone Y,2E:1E:C1:B6:61:07,-40, WPA2 ,0.000000,0.000000,0.000,0.000,AP
2022-10-07 11:42:15,1900-01-00 00:00:00,iPhone Y,2E:1E:C1:B6:61:07,-38, WPA2 ,0.000000,0.000000,0.000,0.000,AP
2022-10-07 11:42:15,1900-01-00 00:00:00,iPhone Y,2E:1E:C1:B6:61:07,-38, WPA2 ,0.000000,0.000000,0.000,0.000,AP
2022-10-07 11:42:15,1900-01-00 00:00:00,iPhone Y,2E:1E:C1:B6:61:07,-38, WPA2 ,0.000000,0.000000,0.000,0.000,AP
2022-10-07 11:42:15,1900-01-00 00:00:00,iPhone Y,2E:1E:C1:B6:61:07,-38, WPA2 ,0.000000,0.000000,0.000,0.000,AP
2022-10-07 11:42:15,1900-01-00 00:00:00,iPhone Y,2E:1E:C1:B6:61:07,-38, WPA2 ,0.000000,0.000000,0.000,0.000,AP
2022-10-07 11:42:15,1900-01-00 00:00:00,iPhone Y,2E:1E:C1:B6:61:07,-38, WPA2 ,0.000000,0.000000,0.000,0.000,AP
2022-10-07 11:42:16,1900-01-00 00:00:00,iPhone Y,2E:1E:C1:B6:61:07,-36, WPA2 ,0.000000,0.000000,0.000,0.000,AP
2022-10-07 11:42:16,1900-01-00 00:00:00,,0E:CF:57:B2:52:D9,-12,,0.000000,0.000000,0.000,0.000,Client
2022-10-07 11:42:16,1900-01-00 00:00:00,iPhone Y,2E:1E:C1:B6:61:07,-38, WPA2 ,0.000000,0.000000,0.000,0.000,AP
2022-10-07 11:42:16,1900-01-00 00:00:00,,0E:CF:57:B2:52:D9,-10,,0.000000,0.000000,0.000,0.000,Client
2022-10-07 11:42:16,1900-01-00 00:00:00,,0E:CF:57:B2:52:D9,-10,,0.000000,0.000000,0.000,0.000,Client
2022-10-07 11:42:16,1900-01-00 00:00:00,,0E:CF:57:B2:52:D9,-10,,0.000000,0.000000,0.000,0.000,Client
2022-10-07 11:42:16,1900-01-00 00:00:00,,0E:CF:57:B2:52:D9,-10,,0.000000,0.000000,0.000,0.000,Client
2022-10-07 11:42:16,1900-01-00 00:00:00,iPhone Y,2E:1E:C1:B6:61:07,-38, WPA2 ,0.000000,0.000000,0.000,0.000,AP
2022-10-07 11:42:16,1900-01-00 00:00:00,,0E:CF:57:B2:52:D9,-12,,0.000000,0.000000,0.000,0.000,Client
2022-10-07 11:42:16,1900-01-00 00:00:00,,0E:CF:57:B2:52:D9,-10,,0.000000,0.000000,0.000,0.000,Client
2022-10-07 11:42:16,1900-01-00 00:00:00,,0E:CF:57:B2:52:D9,-12,,0.000000,0.000000,0.000,0.000,Client
2022-10-07 11:42:16,1900-01-00 00:00:00,iPhone Y,2E:1E:C1:B6:61:07,-44, WPA2 ,0.000000,0.000000,0.000,0.000,AP
2022-10-07 11:42:16,1900-01-00 00:00:00,iPhone Y,2E:1E:C1:B6:61:07,-44, WPA2 ,0.000000,0.000000,0.000,0.000,AP
2022-10-07 11:42:16,1900-01-00 00:00:00,iPhone Y,2E:1E:C1:B6:61:07,-46, WPA2 ,0.000000,0.000000,0.000,0.000,AP
2022-10-07 11:42:16,1900-01-00 00:00:00,iPhone Y,2E:1E:C1:B6:61:07,-40, WPA2 ,0.000000,0.000000,0.000,0.000,AP
2022-10-07 11:42:16,1900-01-00 00:00:00,iPhone Y,2E:1E:C1:B6:61:07,-38, WPA2 ,0.000000,0.000000,0.000,0.000,AP
2022-10-07 11:42:16,1900-01-00 00:00:00,iPhone Y,2E:1E:C1:B6:61:07,-40, WPA2 ,0.000000,0.000000,0.000,0.000,AP
2022-10-07 11:42:16,1900-01-00 00:00:00,iPhone Y,2E:1E:C1:B6:61:07,-40, WPA2 ,0.000000,0.000000,0.000,0.000,AP
2022-10-07 11:42:16,1900-01-00 00:00:00,iPhone Y,2E:1E:C1:B6:61:07,-40, WPA2 ,0.000000,0.000000,0.000,0.000,AP
2022-10-07 11:42:16,1900-01-00 00:00:00,iPhone Y,2E:1E:C1:B6:61:07,-42, WPA2 ,0.000000,0.000000,0.000,0.000,AP
2022-10-07 11:42:16,1900-01-00 00:00:00,iPhone Y,2E:1E:C1:B6:61:07,-42, WPA2 ,0.000000,0.000000,0.000,0.000,AP
2022-10-07 11:42:16,1900-01-00 00:00:00,iPhone Y,2E:1E:C1:B6:61:07,-42, WPA2 ,0.000000,0.000000,0.000,0.000,AP
2022-10-07 11:42:16,1900-01-00 00:00:00,iPhone Y,2E:1E:C1:B6:61:07,-42, WPA2 ,0.000000,0.000000,0.000,0.000,AP
2022-10-07 11:42:16,1900-01-00 00:00:00,iPhone Y,2E:1E:C1:B6:61:07,-42, WPA2 ,0.000000,0.000000,0.000,0.000,AP
2022-10-07 11:42:16,1900-01-00 00:00:00,iPhone Y,2E:1E:C1:B6:61:07,-46, WPA2 ,0.000000,0.000000,0.000,0.000,AP
2022-10-07 11:42:16,1900-01-00 00:00:00,iPhone Y,2E:1E:C1:B6:61:07,-46, WPA2 ,0.000000,0.000000,0.000,0.000,AP
2022-10-07 11:42:16,1900-01-00 00:00:00,iPhone Y,2E:1E:C1:B6:61:07,-46, WPA2 ,0.000000,0.000000,0.000,0.000,AP
2022-10-07 11:42:16,1900-01-00 00:00:00,iPhone Y,2E:1E:C1:B6:61:07,-46, WPA2 ,0.000000,0.000000,0.000,0.000,AP
2022-10-07 11:42:16,1900-01-00 00:00:00,iPhone Y,2E:1E:C1:B6:61:07,-46, WPA2 ,0.000000,0.000000,0.000,0.000,AP
2022-10-07 11:42:16,1900-01-00 00:00:00,iPhone Y,2E:1E:C1:B6:61:07,-46, WPA2 ,0.000000,0.000000,0.000,0.000,AP
2022-10-07 11:42:16,1900-01-00 00:00:00,iPhone Y,2E:1E:C1:B6:61:07,-40, WPA2 ,0.000000,0.000000,0.000,0.000,AP
2022-10-07 11:42:16,1900-01-00 00:00:00,iPhone Y,2E:1E:C1:B6:61:07,-38, WPA2 ,0.000000,0.000000,0.000,0.000,AP
2022-10-07 11:42:16,1900-01-00 00:00:00,iPhone Y,2E:1E:C1:B6:61:07,-36, WPA2 ,0.000000,0.000000,0.000,0.000,AP
2022-10-07 11:42:16,1900-01-00 00:00:00,iPhone Y,2E:1E:C1:B6:61:07,-36, WPA2 ,0.000000,0.000000,0.000,0.000,AP
2022-10-07 11:42:16,1900-01-00 00:00:00,,0E:CF:57:B2:52:D9,-10,,0.000000,0.000000,0.000,0.000,Client
2022-10-07 11:42:16,1900-01-00 00:00:00,,0E:CF:57:B2:52:D9,-10,,0.000000,0.000000,0.000,0.000,Client
2022-10-07 11:42:16,1900-01-00 00:00:00,,0E:CF:57:B2:52:D9,-10,,0.000000,0.000000,0.000,0.000,Client
2022-10-07 11:42:17,1900-01-00 00:00:00,iPhone Y,2E:1E:C1:B6:61:07,-38, WPA2 ,0.000000,0.000000,0.000,0.000,AP
2022-10-07 11:42:17,1900-01-00 00:00:00,,0E:CF:57:B2:52:D9,-12,,0.000000,0.000000,0.000,0.000,Client
2022-10-07 11:42:17,1900-01-00 00:00:00,,0E:CF:57:B2:52:D9,-12,,0.000000,0.000000,0.000,0.000,Client
2022-10-07 11:42:17,1900-01-00 00:00:00,,0E:CF:57:B2:52:D9,-12,,0.000000,0.000000,0.000,0.000,Client
2022-10-07 11:42:17,1900-01-00 00:00:00,,0E:CF:57:B2:52:D9,-12,,0.000000,0.000000,0.000,0.000,Client
2022-10-07 11:42:17,1900-01-00 00:00:00,iPhone Y,2E:1E:C1:B6:61:07,-36, WPA2 ,0.000000,0.000000,0.000,0.000,AP
2022-10-07 11:42:17,1900-01-00 00:00:00,,0E:CF:57:B2:52:D9,-12,,0.000000,0.000000,0.000,0.000,Client
2022-10-07 11:42:17,1900-01-00 00:00:00,,0E:CF:57:B2:52:D9,-12,,0.000000,0.000000,0.000,0.000,Client
2022-10-07 11:42:17,1900-01-00 00:00:00,iPhone Y,2E:1E:C1:B6:61:07,-38, WPA2 ,0.000000,0.000000,0.000,0.000,AP
2022-10-07 11:42:17,1900-01-00 00:00:00,,0E:CF:57:B2:52:D9,-12,,0.000000,0.000000,0.000,0.000,Client
2022-10-07 11:42:17,1900-01-00 00:00:00,iPhone Y,2E:1E:C1:B6:61:07,-38, WPA2 ,0.000000,0.000000,0.000,0.000,AP
2022-10-07 11:42:17,1900-01-00 00:00:00,,0E:CF:57:B2:52:D9,-12,,0.000000,0.000000,0.000,0.000,Client
2022-10-07 11:42:17,1900-01-00 00:00:00,,0E:CF:57:B2:52:D9,-14,,0.000000,0.000000,0.000,0.000,Client
2022-10-07 11:42:17,1900-01-00 00:00:00,,0E:CF:57:B2:52:D9,-12,,0.000000,0.000000,0.000,0.000,Client
2022-10-07 11:42:17,1900-01-00 00:00:00,iPhone Y,2E:1E:C1:B6:61:07,-38, WPA2 ,0.000000,0.000000,0.000,0.000,AP
2022-10-07 11:42:18,1900-01-00 00:00:00,,0E:CF:57:B2:52:D9,-14,,0.000000,0.000000,0.000,0.000,Client
2022-10-07 11:42:18,1900-01-00 00:00:00,iPhone Y,2E:1E:C1:B6:61:07,-42, WPA2 ,0.000000,0.000000,0.000,0.000,AP
2022-10-07 11:42:18,1900-01-00 00:00:00,iPhone Y,2E:1E:C1:B6:61:07,-38, WPA2 ,0.000000,0.000000,0.000,0.000,AP
2022-10-07 11:42:18,1900-01-00 00:00:00,iPhone Y,2E:1E:C1:B6:61:07,-36, WPA2 ,0.000000,0.000000,0.000,0.000,AP
2022-10-07 11:42:18,1900-01-00 00:00:00,iPhone Y,2E:1E:C1:B6:61:07,-32, WPA2 ,0.000000,0.000000,0.000,0.000,AP
2022-10-07 11:42:18,1900-01-00 00:00:00,iPhone Y,2E:1E:C1:B6:61:07,-36, WPA2 ,0.000000,0.000000,0.000,0.000,AP
2022-10-07 11:42:18,1900-01-00 00:00:00,iPhone Y,2E:1E:C1:B6:61:07,-36, WPA2 ,0.000000,0.000000,0.000,0.000,AP
2022-10-07 11:42:18,1900-01-00 00:00:00,iPhone Y,2E:1E:C1:B6:61:07,-32, WPA2 ,0.000000,0.000000,0.000,0.000,AP
2022-10-07 11:42:19,1900-01-00 00:00:00,,0E:CF:57:B2:52:D9,-14,,0.000000,0.000000,0.000,0.000,Client
2022-10-07 11:42:19,1900-01-00 00:00:00,,0E:CF:57:B2:52:D9,-12,,0.000000,0.000000,0.000,0.000,Client
2022-10-07 11:42:19,1900-01-00 00:00:00,,0E:CF:57:B2:52:D9,-14,,0.000000,0.000000,0.000,0.000,Client
2022-10-07 11:42:19,1900-01-00 00:00:00,,0E:CF:57:B2:52:D9,-14,,0.000000,0.000000,0.000,0.000,Client
2022-10-07 11:42:19,1900-01-00 00:00:00,,0E:CF:57:B2:52:D9,-12,,0.000000,0.000000,0.000,0.000,Client
2022-10-07 11:42:19,1900-01-00 00:00:00,,0E:CF:57:B2:52:D9,-24,,0.000000,0.000000,0.000,0.000,Client
2022-10-07 11:42:19,1900-01-00 00:00:00,,0E:CF:57:B2:52:D9,-26,,0.000000,0.000000,0.000,0.000,Client
2022-10-07 11:42:19,1900-01-00 00:00:00,,0E:CF:57:B2:52:D9,-24,,0.000000,0.000000,0.000,0.000,Client
2022-10-07 11:42:19,1900-01-00 00:00:00,,0E:CF:57:B2:52:D9,-24,,0.000000,0.000000,0.000,0.000,Client
2022-10-07 11:42:19,1900-01-00 00:00:00,,0E:CF:57:B2:52:D9,-26,,0.000000,0.000000,0.000,0.000,Client
2022-10-07 11:42:19,1900-01-00 00:00:00,iPhone Y,2E:1E:C1:B6:61:07,-32, WPA2 ,0.000000,0.000000,0.000,0.000,AP
2022-10-07 11:42:19,1900-01-00 00:00:00,iPhone Y,2E:1E:C1:B6:61:07,-36, WPA2 ,0.000000,0.000000,0.000,0.000,AP
2022-10-07 11:42:19,1900-01-00 00:00:00,iPhone Y,2E:1E:C1:B6:61:07,-36, WPA2 ,0.000000,0.000000,0.000,0.000,AP
2022-10-07 11:42:19,1900-01-00 00:00:00,iPhone Y,2E:1E:C1:B6:61:07,-40, WPA2 ,0.000000,0.000000,0.000,0.000,AP
2022-10-07 11:42:19,1900-01-00 00:00:00,iPhone Y,2E:1E:C1:B6:61:07,-40, WPA2 ,0.000000,0.000000,0.000,0.000,AP
2022-10-07 11:42:19,1900-01-00 00:00:00,iPhone Y,2E:1E:C1:B6:61:07,-38, WPA2 ,0.000000,0.000000,0.000,0.000,AP
2022-10-07 11:42:19,1900-01-00 00:00:00,iPhone Y,2E:1E:C1:B6:61:07,-42, WPA2 ,0.000000,0.000000,0.000,0.000,AP
2022-10-07 11:42:19,1900-01-00 00:00:00,iPhone Y,2E:1E:C1:B6:61:07,-42, WPA2 ,0.000000,0.000000,0.000,0.000,AP
2022-10-07 11:42:19,1900-01-00 00:00:00,iPhone Y,2E:1E:C1:B6:61:07,-44, WPA2 ,0.000000,0.000000,0.000,0.000,AP
2022-10-07 11:42:19,1900-01-00 00:00:00,iPhone Y,2E:1E:C1:B6:61:07,-44, WPA2 ,0.000000,0.000000,0.000,0.000,AP
2022-10-07 11:42:19,1900-01-00 00:00:00,iPhone Y,2E:1E:C1:B6:61:07,-44, WPA2 ,0.000000,0.000000,0.000,0.000,AP
2022-10-07 11:42:19,1900-01-00 00:00:00,iPhone Y,2E:1E:C1:B6:61:07,-38, WPA2 ,0.000000,0.000000,0.000,0.000,AP
2022-10-07 11:42:19,1900-01-00 00:00:00,iPhone Y,2E:1E:C1:B6:61:07,-36, WPA2 ,0.000000,0.000000,0.000,0.000,AP
2022-10-07 11:42:19,1900-01-00 00:00:00,iPhone Y,2E:1E:C1:B6:61:07,-38, WPA2 ,0.000000,0.000000,0.000,0.000,AP
2022-10-07 11:42:19,1900-01-00 00:00:00,iPhone Y,2E:1E:C1:B6:61:07,-38, WPA2 ,0.000000,0.000000,0.000,0.000,AP
2022-10-07 11:42:19,1900-01-00 00:00:00,iPhone Y,2E:1E:C1:B6:61:07,-36, WPA2 ,0.000000,0.000000,0.000,0.000,AP
2022-10-07 11:42:19,1900-01-00 00:00:00,iPhone Y,2E:1E:C1:B6:61:07,-32, WPA2 ,0.000000,0.000000,0.000,0.000,AP
2022-10-07 11:42:19,1900-01-00 00:00:00,iPhone Y,2E:1E:C1:B6:61:07,-34, WPA2 ,0.000000,0.000000,0.000,0.000,AP
2022-10-07 11:42:19,1900-01-00 00:00:00,,0E:CF:57:B2:52:D9,-12,,0.000000,0.000000,0.000,0.000,Client
2022-10-07 11:42:19,1900-01-00 00:00:00,,0E:CF:57:B2:52:D9,-12,,0.000000,0.000000,0.000,0.000,Client
2022-10-07 11:42:19,1900-01-00 00:00:00,,0E:CF:57:B2:52:D9,-12,,0.000000,0.000000,0.000,0.000,Client
2022-10-07 11:42:19,1900-01-00 00:00:00,,0E:CF:57:B2:52:D9,-12,,0.000000,0.000000,0.000,0.000,Client
2022-10-07 11:42:19,1900-01-00 00:00:00,iPhone Y,2E:1E:C1:B6:61:07,-36, WPA2 ,0.000000,0.000000,0.000,0.000,AP
2022-10-07 11:42:19,1900-01-00 00:00:00,iPhone Y,2E:1E:C1:B6:61:07,-38, WPA2 ,0.000000,0.000000,0.000,0.000,AP
2022-10-07 11:42:19,1900-01-00 00:00:00,iPhone Y,2E:1E:C1:B6:61:07,-44, WPA2 ,0.000000,0.000000,0.000,0.000,AP
2022-10-07 11:42:20,1900-01-00 00:00:00,iPhone Y,2E:1E:C1:B6:61:07,-38, WPA2 ,0.000000,0.000000,0.000,0.000,AP
2022-10-07 11:42:20,1900-01-00 00:00:00,iPhone Y,2E:1E:C1:B6:61:07,-38, WPA2 ,0.000000,0.000000,0.000,0.000,AP
2022-10-07 11:42:20,1900-01-00 00:00:00,,0E:CF:57:B2:52:D9,-14,,0.000000,0.000000,0.000,0.000,Client
2022-10-07 11:42:20,1900-01-00 00:00:00,,0E:CF:57:B2:52:D9,-12,,0.000000,0.000000,0.000,0.000,Client
2022-10-07 11:42:20,1900-01-00 00:00:00,iPhone Y,2E:1E:C1:B6:61:07,-38, WPA2 ,0.000000,0.000000,0.000,0.000,AP
2022-10-07 11:42:20,1900-01-00 00:00:00,iPhone Y,2E:1E:C1:B6:61:07,-38, WPA2 ,0.000000,0.000000,0.000,0.000,AP
2022-10-07 11:42:20,1900-01-00 00:00:00,iPhone Y,2E:1E:C1:B6:61:07,-40, WPA2 ,0.000000,0.000000,0.000,0.000,AP
2022-10-07 11:42:20,1900-01-00 00:00:00,iPhone Y,2E:1E:C1:B6:61:07,-36, WPA2 ,0.000000,0.000000,0.000,0.000,AP
2022-10-07 11:42:20,1900-01-00 00:00:00,iPhone Y,2E:1E:C1:B6:61:07,-38, WPA2 ,0.000000,0.000000,0.000,0.000,AP
2022-10-07 11:42:20,1900-01-00 00:00:00,iPhone Y,2E:1E:C1:B6:61:07,-38, WPA2 ,0.000000,0.000000,0.000,0.000,AP
2022-10-07 11:42:20,1900-01-00 00:00:00,iPhone Y,2E:1E:C1:B6:61:07,-36, WPA2 ,0.000000,0.000000,0.000,0.000,AP
2022-10-07 11:42:20,1900-01-00 00:00:00,iPhone Y,2E:1E:C1:B6:61:07,-38, WPA2 ,0.000000,0.000000,0.000,0.000,AP
2022-10-07 11:42:20,1900-01-00 00:00:00,,0E:CF:57:B2:52:D9,-12,,0.000000,0.000000,0.000,0.000,Client
2022-10-07 11:42:20,1900-01-00 00:00:00,iPhone Y,2E:1E:C1:B6:61:07,-38, WPA2 ,0.000000,0.000000,0.000,0.000,AP
2022-10-07 11:42:20,1900-01-00 00:00:00,iPhone Y,2E:1E:C1:B6:61:07,-42, WPA2 ,0.000000,0.000000,0.000,0.000,AP
2022-10-07 11:42:20,1900-01-00 00:00:00,iPhone Y,2E:1E:C1:B6:61:07,-42, WPA2 ,0.000000,0.000000,0.000,0.000,AP
2022-10-07 11:42:20,1900-01-00 00:00:00,iPhone Y,2E:1E:C1:B6:61:07,-44, WPA2 ,0.000000,0.000000,0.000,0.000,AP
2022-10-07 11:42:20,1900-01-00 00:00:00,iPhone Y,2E:1E:C1:B6:61:07,-44, WPA2 ,0.000000,0.000000,0.000,0.000,AP
2022-10-07 11:42:20,1900-01-00 00:00:00,iPhone Y,2E:1E:C1:B6:61:07,-44, WPA2 ,0.000000,0.000000,0.000,0.000,AP
2022-10-07 11:42:20,1900-01-00 00:00:00,iPhone Y,2E:1E:C1:B6:61:07,-44, WPA2 ,0.000000,0.000000,0.000,0.000,AP
2022-10-07 11:42:20,1900-01-00 00:00:00,iPhone Y,2E:1E:C1:B6:61:07,-44, WPA2 ,0.000000,0.000000,0.000,0.000,AP
2022-10-07 11:42:20,1900-01-00 00:00:00,iPhone Y,2E:1E:C1:B6:61:07,-46, WPA2 ,0.000000,0.000000,0.000,0.000,AP
2022-10-07 11:42:20,1900-01-00 00:00:00,iPhone Y,2E:1E:C1:B6:61:07,-52, WPA2 ,0.000000,0.000000,0.000,0.000,AP
2022-10-07 11:42:20,1900-01-00 00:00:00,iPhone Y,2E:1E:C1:B6:61:07,-50, WPA2 ,0.000000,0.000000,0.000,0.000,AP
2022-10-07 11:42:20,1900-01-00 00:00:00,iPhone Y,2E:1E:C1:B6:61:07,-50, WPA2 ,0.000000,0.000000,0.000,0.000,AP
2022-10-07 11:42:20,1900-01-00 00:00:00,iPhone Y,2E:1E:C1:B6:61:07,-46, WPA2 ,0.000000,0.000000,0.000,0.000,AP
2022-10-07 11:42:20,1900-01-00 00:00:00,,0E:CF:57:B2:52:D9,-14,,0.000000,0.000000,0.000,0.000,Client
2022-10-07 11:42:20,1900-01-00 00:00:00,,0E:CF:57:B2:52:D9,-14,,0.000000,0.000000,0.000,0.000,Client
2022-10-07 11:42:20,1900-01-00 00:00:00,,0E:CF:57:B2:52:D9,-12,,0.000000,0.000000,0.000,0.000,Client
2022-10-07 11:42:20,1900-01-00 00:00:00,iPhone Y,2E:1E:C1:B6:61:07,-48, WPA2 ,0.000000,0.000000,0.000,0.000,AP
2022-10-07 11:42:20,1900-01-00 00:00:00,iPhone Y,2E:1E:C1:B6:61:07,-56, WPA2 ,0.000000,0.000000,0.000,0.000,AP
2022-10-07 11:42:20,1900-01-00 00:00:00,,0E:CF:57:B2:52:D9,-12,,0.000000,0.000000,0.000,0.000,Client
2022-10-07 11:42:20,1900-01-00 00:00:00,iPhone Y,2E:1E:C1:B6:61:07,-50, WPA2 ,0.000000,0.000000,0.000,0.000,AP
2022-10-07 11:42:20,1900-01-00 00:00:00,iPhone Y,2E:1E:C1:B6:61:07,-38, WPA2 ,0.000000,0.000000,0.000,0.000,AP
2022-10-07 11:42:20,1900-01-00 00:00:00,iPhone Y,2E:1E:C1:B6:61:07,-36, WPA2 ,0.000000,0.000000,0.000,0.000,AP
2022-10-07 11:42:20,1900-01-00 00:00:00,,0E:CF:57:B2:52:D9,-14,,0.000000,0.000000,0.000,0.000,Client
2022-10-07 11:42:20,1900-01-00 00:00:00,,0E:CF:57:B2:52:D9,-12,,0.000000,0.000000,0.000,0.000,Client
2022-10-07 11:42:21,1900-01-00 00:00:00,iPhone Y,2E:1E:C1:B6:61:07,-32, WPA2 ,0.000000,0.000000,0.000,0.000,AP
2022-10-07 11:42:21,1900-01-00 00:00:00,iPhone Y,2E:1E:C1:B6:61:07,-38, WPA2 ,0.000000,0.000000,0.000,0.000,AP
2022-10-07 11:42:21,1900-01-00 00:00:00,iPhone Y,2E:1E:C1:B6:61:07,-34, WPA2 ,0.000000,0.000000,0.000,0.000,AP
2022-10-07 11:42:21,1900-01-00 00:00:00,,0E:CF:57:B2:52:D9,-12,,0.000000,0.000000,0.000,0.000,Client
2022-10-07 11:42:21,1900-01-00 00:00:00,,0E:CF:57:B2:52:D9,-12,,0.000000,0.000000,0.000,0.000,Client
2022-10-07 11:42:21,1900-01-00 00:00:00,iPhone Y,2E:1E:C1:B6:61:07,-34, WPA2 ,0.000000,0.000000,0.000,0.000,AP
2022-10-07 11:42:21,1900-01-00 00:00:00,iPhone Y,2E:1E:C1:B6:61:07,-34, WPA2 ,0.000000,0.000000,0.000,0.000,AP
2022-10-07 11:42:21,1900-01-00 00:00:00,iPhone Y,2E:1E:C1:B6:61:07,-36, WPA2 ,0.000000,0.000000,0.000,0.000,AP
2022-10-07 11:42:21,1900-01-00 00:00:00,iPhone Y,2E:1E:C1:B6:61:07,-36, WPA2 ,0.000000,0.000000,0.000,0.000,AP
2022-10-07 11:42:21,1900-01-00 00:00:00,iPhone Y,2E:1E:C1:B6:61:07,-36, WPA2 ,0.000000,0.000000,0.000,0.000,AP
2022-10-07 11:42:21,1900-01-00 00:00:00,iPhone Y,2E:1E:C1:B6:61:07,-36, WPA2 ,0.000000,0.000000,0.000,0.000,AP
2022-10-07 11:42:21,1900-01-00 00:00:00,iPhone Y,2E:1E:C1:B6:61:07,-36, WPA2 ,0.000000,0.000000,0.000,0.000,AP
2022-10-07 11:42:21,1900-01-00 00:00:00,,0E:CF:57:B2:52:D9,-12,,0.000000,0.000000,0.000,0.000,Client
2022-10-07 11:42:21,1900-01-00 00:00:00,iPhone Y,2E:1E:C1:B6:61:07,-36, WPA2 ,0.000000,0.000000,0.000,0.000,AP
2022-10-07 11:42:21,1900-01-00 00:00:00,iPhone Y,2E:1E:C1:B6:61:07,-38, WPA2 ,0.000000,0.000000,0.000,0.000,AP
2022-10-07 11:42:21,1900-01-00 00:00:00,iPhone Y,2E:1E:C1:B6:61:07,-38, WPA2 ,0.000000,0.000000,0.000,0.000,AP
2022-10-07 11:42:21,1900-01-00 00:00:00,iPhone Y,2E:1E:C1:B6:61:07,-36, WPA2 ,0.000000,0.000000,0.000,0.000,AP
2022-10-07 11:42:21,1900-01-00 00:00:00,iPhone Y,2E:1E:C1:B6:61:07,-38, WPA2 ,0.000000,0.000000,0.000,0.000,AP
2022-10-07 11:42:21,1900-01-00 00:00:00,iPhone Y,2E:1E:C1:B6:61:07,-38, WPA2 ,0.000000,0.000000,0.000,0.000,AP
2022-10-07 11:42:21,1900-01-00 00:00:00,iPhone Y,2E:1E:C1:B6:61:07,-38, WPA2 ,0.000000,0.000000,0.000,0.000,AP
2022-10-07 11:42:21,1900-01-00 00:00:00,iPhone Y,2E:1E:C1:B6:61:07,-40, WPA2 ,0.000000,0.000000,0.000,0.000,AP
2022-10-07 11:42:21,1900-01-00 00:00:00,,0E:CF:57:B2:52:D9,-12,,0.000000,0.000000,0.000,0.000,Client
2022-10-07 11:42:21,1900-01-00 00:00:00,,0E:CF:57:B2:52:D9,-12,,0.000000,0.000000,0.000,0.000,Client
2022-10-07 11:42:21,1900-01-00 00:00:00,,0E:CF:57:B2:52:D9,-12,,0.000000,0.000000,0.000,0.000,Client
2022-10-07 11:42:21,1900-01-00 00:00:00,iPhone Y,2E:1E:C1:B6:61:07,-36, WPA2 ,0.000000,0.000000,0.000,0.000,AP
2022-10-07 11:42:21,1900-01-00 00:00:00,iPhone Y,2E:1E:C1:B6:61:07,-36, WPA2 ,0.000000,0.000000,0.000,0.000,AP
2022-10-07 11:42:21,1900-01-00 00:00:00,iPhone Y,2E:1E:C1:B6:61:07,-36, WPA2 ,0.000000,0.000000,0.000,0.000,AP
2022-10-07 11:42:21,1900-01-00 00:00:00,iPhone Y,2E:1E:C1:B6:61:07,-34, WPA2 ,0.000000,0.000000,0.000,0.000,AP
2022-10-07 11:42:22,1900-01-00 00:00:00,,0E:CF:57:B2:52:D9,-12,,0.000000,0.000000,0.000,0.000,Client
2022-10-07 11:42:22,1900-01-00 00:00:00,,0E:CF:57:B2:52:D9,-12,,0.000000,0.000000,0.000,0.000,Client
2022-10-07 11:42:22,1900-01-00 00:00:00,,0E:CF:57:B2:52:D9,-12,,0.000000,0.000000,0.000,0.000,Client
2022-10-07 11:42:22,1900-01-00 00:00:00,,0E:CF:57:B2:52:D9,-12,,0.000000,0.000000,0.000,0.000,Client
2022-10-07 11:42:22,1900-01-00 00:00:00,iPhone Y,2E:1E:C1:B6:61:07,-36, WPA2 ,0.000000,0.000000,0.000,0.000,AP
2022-10-07 11:42:22,1900-01-00 00:00:00,,0E:CF:57:B2:52:D9,-12,,0.000000,0.000000,0.000,0.000,Client
2022-10-07 11:42:22,1900-01-00 00:00:00,,0E:CF:57:B2:52:D9,-12,,0.000000,0.000000,0.000,0.000,Client
2022-10-07 11:42:22,1900-01-00 00:00:00,iPhone Y,2E:1E:C1:B6:61:07,-38, WPA2 ,0.000000,0.000000,0.000,0.000,AP
2022-10-07 11:42:22,1900-01-00 00:00:00,,0E:CF:57:B2:52:D9,-12,,0.000000,0.000000,0.000,0.000,Client
2022-10-07 11:42:22,1900-01-00 00:00:00,,0E:CF:57:B2:52:D9,-12,,0.000000,0.000000,0.000,0.000,Client
2022-10-07 11:42:22,1900-01-00 00:00:00,,0E:CF:57:B2:52:D9,-12,,0.000000,0.000000,0.000,0.000,Client
2022-10-07 11:42:22,1900-01-00 00:00:00,iPhone Y,2E:1E:C1:B6:61:07,-36, WPA2 ,0.000000,0.000000,0.000,0.000,AP
2022-10-07 11:42:22,1900-01-00 00:00:00,iPhone Y,2E:1E:C1:B6:61:07,-34, WPA2 ,0.000000,0.000000,0.000,0.000,AP
2022-10-07 11:42:22,1900-01-00 00:00:00,,0E:CF:57:B2:52:D9,-14,,0.000000,0.000000,0.000,0.000,Client
2022-10-07 11:42:22,1900-01-00 00:00:00,iPhone Y,2E:1E:C1:B6:61:07,-36, WPA2 ,0.000000,0.000000,0.000,0.000,AP
2022-10-07 11:42:22,1900-01-00 00:00:00,,0E:CF:57:B2:52:D9,-14,,0.000000,0.000000,0.000,0.000,Client
2022-10-07 11:42:22,1900-01-00 00:00:00,iPhone Y,2E:1E:C1:B6:61:07,-38, WPA2 ,0.000000,0.000000,0.000,0.000,AP
2022-10-07 11:42:22,1900-01-00 00:00:00,iPhone Y,2E:1E:C1:B6:61:07,-38, WPA2 ,0.000000,0.000000,0.000,0.000,AP
2022-10-07 11:42:23,1900-01-00 00:00:00,iPhone Y,2E:1E:C1:B6:61:07,-38, WPA2 ,0.000000,0.000000,0.000,0.000,AP
2022-10-07 11:42:23,1900-01-00 00:00:00,,0E:CF:57:B2:52:D9,-14,,0.000000,0.000000,0.000,0.000,Client
2022-10-07 11:42:23,1900-01-00 00:00:00,,0E:CF:57:B2:52:D9,-14,,0.000000,0.000000,0.000,0.000,Client
2022-10-07 11:42:23,1900-01-00 00:00:00,,0E:CF:57:B2:52:D9,-12,,0.000000,0.000000,0.000,0.000,Client
2022-10-07 11:42:23,1900-01-00 00:00:00,,0E:CF:57:B2:52:D9,-12,,0.000000,0.000000,0.000,0.000,Client
2022-10-07 11:42:23,1900-01-00 00:00:00,iPhone Y,2E:1E:C1:B6:61:07,-36, WPA2 ,0.000000,0.000000,0.000,0.000,AP
2022-10-07 11:42:23,1900-01-00 00:00:00,iPhone Y,2E:1E:C1:B6:61:07,-36, WPA2 ,0.000000,0.000000,0.000,0.000,AP
2022-10-07 11:42:23,1900-01-00 00:00:00,iPhone Y,2E:1E:C1:B6:61:07,-38, WPA2 ,0.000000,0.000000,0.000,0.000,AP
2022-10-07 11:42:23,1900-01-00 00:00:00,iPhone Y,2E:1E:C1:B6:61:07,-34, WPA2 ,0.000000,0.000000,0.000,0.000,AP
2022-10-07 11:42:23,1900-01-00 00:00:00,,0E:CF:57:B2:52:D9,-12,,0.000000,0.000000,0.000,0.000,Client
2022-10-07 11:42:23,1900-01-00 00:00:00,,0E:CF:57:B2:52:D9,-12,,0.000000,0.000000,0.000,0.000,Client
2022-10-07 11:42:23,1900-01-00 00:00:00,iPhone Y,2E:1E:C1:B6:61:07,-36, WPA2 ,0.000000,0.000000,0.000,0.000,AP
2022-10-07 11:42:23,1900-01-00 00:00:00,iPhone Y,2E:1E:C1:B6:61:07,-34, WPA2 ,0.000000,0.000000,0.000,0.000,AP
2022-10-07 11:42:23,1900-01-00 00:00:00,iPhone Y,2E:1E:C1:B6:61:07,-34, WPA2 ,0.000000,0.000000,0.000,0.000,AP
2022-10-07 11:42:23,1900-01-00 00:00:00,iPhone Y,2E:1E:C1:B6:61:07,-34, WPA2 ,0.000000,0.000000,0.000,0.000,AP
2022-10-07 11:42:23,1900-01-00 00:00:00,iPhone Y,2E:1E:C1:B6:61:07,-34, WPA2 ,0.000000,0.000000,0.000,0.000,AP
2022-10-07 11:42:23,1900-01-00 00:00:00,,0E:CF:57:B2:52:D9,-12,,0.000000,0.000000,0.000,0.000,Client
2022-10-07 11:42:23,1900-01-00 00:00:00,iPhone Y,2E:1E:C1:B6:61:07,-34, WPA2 ,0.000000,0.000000,0.000,0.000,AP
2022-10-07 11:42:23,1900-01-00 00:00:00,iPhone Y,2E:1E:C1:B6:61:07,-32, WPA2 ,0.000000,0.000000,0.000,0.000,AP
2022-10-07 11:42:23,1900-01-00 00:00:00,iPhone Y,2E:1E:C1:B6:61:07,-32, WPA2 ,0.000000,0.000000,0.000,0.000,AP
2022-10-07 11:42:23,1900-01-00 00:00:00,iPhone Y,2E:1E:C1:B6:61:07,-34, WPA2 ,0.000000,0.000000,0.000,0.000,AP
2022-10-07 11:42:24,1900-01-00 00:00:00,,0E:CF:57:B2:52:D9,-12,,0.000000,0.000000,0.000,0.000,Client
2022-10-07 11:42:24,1900-01-00 00:00:00,,0E:CF:57:B2:52:D9,-12,,0.000000,0.000000,0.000,0.000,Client
2022-10-07 11:42:24,1900-01-00 00:00:00,,0E:CF:57:B2:52:D9,-14,,0.000000,0.000000,0.000,0.000,Client
2022-10-07 11:42:24,1900-01-00 00:00:00,,0E:CF:57:B2:52:D9,-14,,0.000000,0.000000,0.000,0.000,Client
2022-10-07 11:42:24,1900-01-00 00:00:00,iPhone Y,2E:1E:C1:B6:61:07,-36, WPA2 ,0.000000,0.000000,0.000,0.000,AP
2022-10-07 11:42:24,1900-01-00 00:00:00,,0E:CF:57:B2:52:D9,-14,,0.000000,0.000000,0.000,0.000,Client
2022-10-07 11:42:24,1900-01-00 00:00:00,iPhone Y,2E:1E:C1:B6:61:07,-36, WPA2 ,0.000000,0.000000,0.000,0.000,AP
2022-10-07 11:42:24,1900-01-00 00:00:00,iPhone Y,2E:1E:C1:B6:61:07,-34, WPA2 ,0.000000,0.000000,0.000,0.000,AP
2022-10-07 11:42:24,1900-01-00 00:00:00,iPhone Y,2E:1E:C1:B6:61:07,-36, WPA2 ,0.000000,0.000000,0.000,0.000,AP
2022-10-07 11:42:24,1900-01-00 00:00:00,iPhone Y,2E:1E:C1:B6:61:07,-38, WPA2 ,0.000000,0.000000,0.000,0.000,AP
2022-10-07 11:42:24,1900-01-00 00:00:00,iPhone Y,2E:1E:C1:B6:61:07,-36, WPA2 ,0.000000,0.000000,0.000,0.000,AP
2022-10-07 11:42:24,1900-01-00 00:00:00,iPhone Y,2E:1E:C1:B6:61:07,-36, WPA2 ,0.000000,0.000000,0.000,0.000,AP
2022-10-07 11:42:24,1900-01-00 00:00:00,iPhone Y,2E:1E:C1:B6:61:07,-36, WPA2 ,0.000000,0.000000,0.000,0.000,AP
2022-10-07 11:42:24,1900-01-00 00:00:00,iPhone Y,2E:1E:C1:B6:61:07,-36, WPA2 ,0.000000,0.000000,0.000,0.000,AP
2022-10-07 11:42:24,1900-01-00 00:00:00,iPhone Y,2E:1E:C1:B6:61:07,-38, WPA2 ,0.000000,0.000000,0.000,0.000,AP
2022-10-07 11:42:24,1900-01-00 00:00:00,iPhone Y,2E:1E:C1:B6:61:07,-36, WPA2 ,0.000000,0.000000,0.000,0.000,AP
2022-10-07 11:42:24,1900-01-00 00:00:00,iPhone Y,2E:1E:C1:B6:61:07,-34, WPA2 ,0.000000,0.000000,0.000,0.000,AP
2022-10-07 11:42:24,1900-01-00 00:00:00,iPhone Y,2E:1E:C1:B6:61:07,-34, WPA2 ,0.000000,0.000000,0.000,0.000,AP
2022-10-07 11:42:24,1900-01-00 00:00:00,iPhone Y,2E:1E:C1:B6:61:07,-42, WPA2 ,0.000000,0.000000,0.000,0.000,AP
2022-10-07 11:42:24,1900-01-00 00:00:00,,0E:CF:57:B2:52:D9,-14,,0.000000,0.000000,0.000,0.000,Client
2022-10-07 11:42:24,1900-01-00 00:00:00,iPhone Y,2E:1E:C1:B6:61:07,-34, WPA2 ,0.000000,0.000000,0.000,0.000,AP
2022-10-07 11:42:24,1900-01-00 00:00:00,iPhone Y,2E:1E:C1:B6:61:07,-36, WPA2 ,0.000000,0.000000,0.000,0.000,AP
2022-10-07 11:42:24,1900-01-00 00:00:00,iPhone Y,2E:1E:C1:B6:61:07,-36, WPA2 ,0.000000,0.000000,0.000,0.000,AP
2022-10-07 11:42:24,1900-01-00 00:00:00,iPhone Y,2E:1E:C1:B6:61:07,-34, WPA2 ,0.000000,0.000000,0.000,0.000,AP
2022-10-07 11:42:24,1900-01-00 00:00:00,iPhone Y,2E:1E:C1:B6:61:07,-36, WPA2 ,0.000000,0.000000,0.000,0.000,AP
2022-10-07 11:42:24,1900-01-00 00:00:00,iPhone Y,2E:1E:C1:B6:61:07,-36, WPA2 ,0.000000,0.000000,0.000,0.000,AP
2022-10-07 11:42:24,1900-01-00 00:00:00,iPhone Y,2E:1E:C1:B6:61:07,-34, WPA2 ,0.000000,0.000000,0.000,0.000,AP
2022-10-07 11:42:24,1900-01-00 00:00:00,iPhone Y,2E:1E:C1:B6:61:07,-36, WPA2 ,0.000000,0.000000,0.000,0.000,AP
2022-10-07 11:42:24,1900-01-00 00:00:00,iPhone Y,2E:1E:C1:B6:61:07,-36, WPA2 ,0.000000,0.000000,0.000,0.000,AP
2022-10-07 11:42:24,1900-01-00 00:00:00,iPhone Y,2E:1E:C1:B6:61:07,-36, WPA2 ,0.000000,0.000000,0.000,0.000,AP
2022-10-07 11:42:24,1900-01-00 00:00:00,iPhone Y,2E:1E:C1:B6:61:07,-36, WPA2 ,0.000000,0.000000,0.000,0.000,AP
2022-10-07 11:42:24,1900-01-00 00:00:00,iPhone Y,2E:1E:C1:B6:61:07,-34, WPA2 ,0.000000,0.000000,0.000,0.000,AP
2022-10-07 11:42:24,1900-01-00 00:00:00,iPhone Y,2E:1E:C1:B6:61:07,-38, WPA2 ,0.000000,0.000000,0.000,0.000,AP
2022-10-07 11:42:24,1900-01-00 00:00:00,iPhone Y,2E:1E:C1:B6:61:07,-46, WPA2 ,0.000000,0.000000,0.000,0.000,AP
2022-10-07 11:42:24,1900-01-00 00:00:00,iPhone Y,2E:1E:C1:B6:61:07,-36, WPA2 ,0.000000,0.000000,0.000,0.000,AP
2022-10-07 11:42:24,1900-01-00 00:00:00,iPhone Y,2E:1E:C1:B6:61:07,-38, WPA2 ,0.000000,0.000000,0.000,0.000,AP
2022-10-07 11:42:24,1900-01-00 00:00:00,,0E:CF:57:B2:52:D9,-14,,0.000000,0.000000,0.000,0.000,Client
2022-10-07 11:42:24,1900-01-00 00:00:00,iPhone Y,2E:1E:C1:B6:61:07,-36, WPA2 ,0.000000,0.000000,0.000,0.000,AP
2022-10-07 11:42:24,1900-01-00 00:00:00,iPhone Y,2E:1E:C1:B6:61:07,-36, WPA2 ,0.000000,0.000000,0.000,0.000,AP
2022-10-07 11:42:24,1900-01-00 00:00:00,iPhone Y,2E:1E:C1:B6:61:07,-38, WPA2 ,0.000000,0.000000,0.000,0.000,AP
2022-10-07 11:42:24,1900-01-00 00:00:00,iPhone Y,2E:1E:C1:B6:61:07,-36, WPA2 ,0.000000,0.000000,0.000,0.000,AP
2022-10-07 11:42:24,1900-01-00 00:00:00,iPhone Y,2E:1E:C1:B6:61:07,-38, WPA2 ,0.000000,0.000000,0.000,0.000,AP
2022-10-07 11:42:24,1900-01-00 00:00:00,iPhone Y,2E:1E:C1:B6:61:07,-36, WPA2 ,0.000000,0.000000,0.000,0.000,AP
2022-10-07 11:42:24,1900-01-00 00:00:00,iPhone Y,2E:1E:C1:B6:61:07,-38, WPA2 ,0.000000,0.000000,0.000,0.000,AP
2022-10-07 11:42:24,1900-01-00 00:00:00,iPhone Y,2E:1E:C1:B6:61:07,-36, WPA2 ,0.000000,0.000000,0.000,0.000,AP
2022-10-07 11:42:24,1900-01-00 00:00:00,iPhone Y,2E:1E:C1:B6:61:07,-36, WPA2 ,0.000000,0.000000,0.000,0.000,AP
2022-10-07 11:42:24,1900-01-00 00:00:00,iPhone Y,2E:1E:C1:B6:61:07,-36, WPA2 ,0.000000,0.000000,0.000,0.000,AP
2022-10-07 11:42:24,1900-01-00 00:00:00,iPhone Y,2E:1E:C1:B6:61:07,-36, WPA2 ,0.000000,0.000000,0.000,0.000,AP
2022-10-07 11:42:25,1900-01-00 00:00:00,iPhone Y,2E:1E:C1:B6:61:07,-34, WPA2 ,0.000000,0.000000,0.000,0.000,AP
2022-10-07 11:42:25,1900-01-00 00:00:00,,0E:CF:57:B2:52:D9,-14,,0.000000,0.000000,0.000,0.000,Client
2022-10-07 11:42:25,1900-01-00 00:00:00,,0E:CF:57:B2:52:D9,-14,,0.000000,0.000000,0.000,0.000,Client
2022-10-07 11:42:25,1900-01-00 00:00:00,,0E:CF:57:B2:52:D9,-14,,0.000000,0.000000,0.000,0.000,Client
2022-10-07 11:42:25,1900-01-00 00:00:00,,0E:CF:57:B2:52:D9,-14,,0.000000,0.000000,0.000,0.000,Client
2022-10-07 11:42:25,1900-01-00 00:00:00,,0E:CF:57:B2:52:D9,-24,,0.000000,0.000000,0.000,0.000,Client
2022-10-07 11:42:25,1900-01-00 00:00:00,,0E:CF:57:B2:52:D9,-24,,0.000000,0.000000,0.000,0.000,Client
2022-10-07 11:42:25,1900-01-00 00:00:00,,0E:CF:57:B2:52:D9,-24,,0.000000,0.000000,0.000,0.000,Client
2022-10-07 11:42:25,1900-01-00 00:00:00,,0E:CF:57:B2:52:D9,-24,,0.000000,0.000000,0.000,0.000,Client
2022-10-07 11:42:25,1900-01-00 00:00:00,,0E:CF:57:B2:52:D9,-22,,0.000000,0.000000,0.000,0.000,Client
2022-10-07 11:42:25,1900-01-00 00:00:00,iPhone Y,2E:1E:C1:B6:61:07,-34, WPA2 ,0.000000,0.000000,0.000,0.000,AP
2022-10-07 11:42:25,1900-01-00 00:00:00,iPhone Y,2E:1E:C1:B6:61:07,-34, WPA2 ,0.000000,0.000000,0.000,0.000,AP
2022-10-07 11:42:25,1900-01-00 00:00:00,iPhone Y,2E:1E:C1:B6:61:07,-36, WPA2 ,0.000000,0.000000,0.000,0.000,AP
2022-10-07 11:42:25,1900-01-00 00:00:00,iPhone Y,2E:1E:C1:B6:61:07,-36, WPA2 ,0.000000,0.000000,0.000,0.000,AP
2022-10-07 11:42:25,1900-01-00 00:00:00,iPhone Y,2E:1E:C1:B6:61:07,-34, WPA2 ,0.000000,0.000000,0.000,0.000,AP
2022-10-07 11:42:25,1900-01-00 00:00:00,iPhone Y,2E:1E:C1:B6:61:07,-34, WPA2 ,0.000000,0.000000,0.000,0.000,AP
2022-10-07 11:42:25,1900-01-00 00:00:00,iPhone Y,2E:1E:C1:B6:61:07,-56, WPA2 ,0.000000,0.000000,0.000,0.000,AP
2022-10-07 11:42:25,1900-01-00 00:00:00,iPhone Y,2E:1E:C1:B6:61:07,-34, WPA2 ,0.000000,0.000000,0.000,0.000,AP
2022-10-07 11:42:25,1900-01-00 00:00:00,iPhone Y,2E:1E:C1:B6:61:07,-34, WPA2 ,0.000000,0.000000,0.000,0.000,AP
2022-10-07 11:42:25,1900-01-00 00:00:00,,0E:CF:57:B2:52:D9,-14,,0.000000,0.000000,0.000,0.000,Client
2022-10-07 11:42:25,1900-01-00 00:00:00,iPhone Y,2E:1E:C1:B6:61:07,-34, WPA2 ,0.000000,0.000000,0.000,0.000,AP
2022-10-07 11:42:25,1900-01-00 00:00:00,iPhone Y,2E:1E:C1:B6:61:07,-34, WPA2 ,0.000000,0.000000,0.000,0.000,AP
2022-10-07 11:42:25,1900-01-00 00:00:00,iPhone Y,2E:1E:C1:B6:61:07,-36, WPA2 ,0.000000,0.000000,0.000,0.000,AP
2022-10-07 11:42:25,1900-01-00 00:00:00,,0E:CF:57:B2:52:D9,-22,,0.000000,0.000000,0.000,0.000,Client
2022-10-07 11:42:25,1900-01-00 00:00:00,iPhone Y,2E:1E:C1:B6:61:07,-32, WPA2 ,0.000000,0.000000,0.000,0.000,AP
2022-10-07 11:42:25,1900-01-00 00:00:00,iPhone Y,2E:1E:C1:B6:61:07,-34, WPA2 ,0.000000,0.000000,0.000,0.000,AP
2022-10-07 11:42:26,1900-01-00 00:00:00,iPhone Y,2E:1E:C1:B6:61:07,-34, WPA2 ,0.000000,0.000000,0.000,0.000,AP
2022-10-07 11:42:26,1900-01-00 00:00:00,iPhone Y,2E:1E:C1:B6:61:07,-34, WPA2 ,0.000000,0.000000,0.000,0.000,AP
2022-10-07 11:42:26,1900-01-00 00:00:00,iPhone Y,2E:1E:C1:B6:61:07,-34, WPA2 ,0.000000,0.000000,0.000,0.000,AP
2022-10-07 11:42:26,1900-01-00 00:00:00,iPhone Y,2E:1E:C1:B6:61:07,-34, WPA2 ,0.000000,0.000000,0.000,0.000,AP
2022-10-07 11:42:26,1900-01-00 00:00:00,iPhone Y,2E:1E:C1:B6:61:07,-36, WPA2 ,0.000000,0.000000,0.000,0.000,AP
2022-10-07 11:42:26,1900-01-00 00:00:00,iPhone Y,2E:1E:C1:B6:61:07,-36, WPA2 ,0.000000,0.000000,0.000,0.000,AP
2022-10-07 11:42:26,1900-01-00 00:00:00,iPhone Y,2E:1E:C1:B6:61:07,-36, WPA2 ,0.000000,0.000000,0.000,0.000,AP
2022-10-07 11:42:26,1900-01-00 00:00:00,iPhone Y,2E:1E:C1:B6:61:07,-36, WPA2 ,0.000000,0.000000,0.000,0.000,AP
2022-10-07 11:42:26,1900-01-00 00:00:00,iPhone Y,2E:1E:C1:B6:61:07,-38, WPA2 ,0.000000,0.000000,0.000,0.000,AP
2022-10-07 11:42:26,1900-01-00 00:00:00,iPhone Y,2E:1E:C1:B6:61:07,-36, WPA2 ,0.000000,0.000000,0.000,0.000,AP
2022-10-07 11:42:26,1900-01-00 00:00:00,iPhone Y,2E:1E:C1:B6:61:07,-36, WPA2 ,0.000000,0.000000,0.000,0.000,AP
2022-10-07 11:42:26,1900-01-00 00:00:00,,0E:CF:57:B2:52:D9,-12,,0.000000,0.000000,0.000,0.000,Client
2022-10-07 11:42:26,1900-01-00 00:00:00,,0E:CF:57:B2:52:D9,-12,,0.000000,0.000000,0.000,0.000,Client
2022-10-07 11:42:26,1900-01-00 00:00:00,,0E:CF:57:B2:52:D9,-12,,0.000000,0.000000,0.000,0.000,Client
2022-10-07 11:42:26,1900-01-00 00:00:00,,0E:CF:57:B2:52:D9,-12,,0.000000,0.000000,0.000,0.000,Client
2022-10-07 11:42:26,1900-01-00 00:00:00,,0E:CF:57:B2:52:D9,-12,,0.000000,0.000000,0.000,0.000,Client
2022-10-07 11:42:26,1900-01-00 00:00:00,iPhone Y,2E:1E:C1:B6:61:07,-36, WPA2 ,0.000000,0.000000,0.000,0.000,AP
2022-10-07 11:42:26,1900-01-00 00:00:00,iPhone Y,2E:1E:C1:B6:61:07,-38, WPA2 ,0.000000,0.000000,0.000,0.000,AP
2022-10-07 11:42:26,1900-01-00 00:00:00,iPhone Y,2E:1E:C1:B6:61:07,-36, WPA2 ,0.000000,0.000000,0.000,0.000,AP
2022-10-07 11:42:26,1900-01-00 00:00:00,iPhone Y,2E:1E:C1:B6:61:07,-36, WPA2 ,0.000000,0.000000,0.000,0.000,AP
2022-10-07 11:42:26,1900-01-00 00:00:00,iPhone Y,2E:1E:C1:B6:61:07,-36, WPA2 ,0.000000,0.000000,0.000,0.000,AP
2022-10-07 11:42:26,1900-01-00 00:00:00,iPhone Y,2E:1E:C1:B6:61:07,-38, WPA2 ,0.000000,0.000000,0.000,0.000,AP
2022-10-07 11:42:26,1900-01-00 00:00:00,iPhone Y,2E:1E:C1:B6:61:07,-34, WPA2 ,0.000000,0.000000,0.000,0.000,AP
2022-10-07 11:42:26,1900-01-00 00:00:00,iPhone Y,2E:1E:C1:B6:61:07,-38, WPA2 ,0.000000,0.000000,0.000,0.000,AP
2022-10-07 11:42:26,1900-01-00 00:00:00,,0E:CF:57:B2:52:D9,-12,,0.000000,0.000000,0.000,0.000,Client
2022-10-07 11:42:26,1900-01-00 00:00:00,iPhone Y,2E:1E:C1:B6:61:07,-38, WPA2 ,0.000000,0.000000,0.000,0.000,AP
2022-10-07 11:42:26,1900-01-00 00:00:00,,0E:CF:57:B2:52:D9,-12,,0.000000,0.000000,0.000,0.000,Client
2022-10-07 11:42:26,1900-01-00 00:00:00,,0E:CF:57:B2:52:D9,-12,,0.000000,0.000000,0.000,0.000,Client
2022-10-07 11:42:26,1900-01-00 00:00:00,,0E:CF:57:B2:52:D9,-12,,0.000000,0.000000,0.000,0.000,Client
2022-10-07 11:42:26,1900-01-00 00:00:00,,0E:CF:57:B2:52:D9,-12,,0.000000,0.000000,0.000,0.000,Client
2022-10-07 11:42:26,1900-01-00 00:00:00,,0E:CF:57:B2:52:D9,-24,,0.000000,0.000000,0.000,0.000,Client
2022-10-07 11:42:26,1900-01-00 00:00:00,,0E:CF:57:B2:52:D9,-24,,0.000000,0.000000,0.000,0.000,Client
2022-10-07 11:42:26,1900-01-00 00:00:00,,0E:CF:57:B2:52:D9,-26,,0.000000,0.000000,0.000,0.000,Client
2022-10-07 11:42:26,1900-01-00 00:00:00,,0E:CF:57:B2:52:D9,-26,,0.000000,0.000000,0.000,0.000,Client
2022-10-07 11:42:26,1900-01-00 00:00:00,iPhone Y,2E:1E:C1:B6:61:07,-36, WPA2 ,0.000000,0.000000,0.000,0.000,AP
2022-10-07 11:42:26,1900-01-00 00:00:00,iPhone Y,2E:1E:C1:B6:61:07,-36, WPA2 ,0.000000,0.000000,0.000,0.000,AP
2022-10-07 11:42:26,1900-01-00 00:00:00,iPhone Y,2E:1E:C1:B6:61:07,-36, WPA2 ,0.000000,0.000000,0.000,0.000,AP
2022-10-07 11:42:26,1900-01-00 00:00:00,iPhone Y,2E:1E:C1:B6:61:07,-36, WPA2 ,0.000000,0.000000,0.000,0.000,AP
2022-10-07 11:42:26,1900-01-00 00:00:00,iPhone Y,2E:1E:C1:B6:61:07,-36, WPA2 ,0.000000,0.000000,0.000,0.000,AP
2022-10-07 11:42:26,1900-01-00 00:00:00,iPhone Y,2E:1E:C1:B6:61:07,-36, WPA2 ,0.000000,0.000000,0.000,0.000,AP
2022-10-07 11:42:26,1900-01-00 00:00:00,iPhone Y,2E:1E:C1:B6:61:07,-36, WPA2 ,0.000000,0.000000,0.000,0.000,AP
2022-10-07 11:42:26,1900-01-00 00:00:00,iPhone Y,2E:1E:C1:B6:61:07,-36, WPA2 ,0.000000,0.000000,0.000,0.000,AP
2022-10-07 11:42:26,1900-01-00 00:00:00,iPhone Y,2E:1E:C1:B6:61:07,-36, WPA2 ,0.000000,0.000000,0.000,0.000,AP
2022-10-07 11:42:26,1900-01-00 00:00:00,iPhone Y,2E:1E:C1:B6:61:07,-36, WPA2 ,0.000000,0.000000,0.000,0.000,AP
2022-10-07 11:42:26,1900-01-00 00:00:00,iPhone Y,2E:1E:C1:B6:61:07,-36, WPA2 ,0.000000,0.000000,0.000,0.000,AP
2022-10-07 11:42:26,1900-01-00 00:00:00,iPhone Y,2E:1E:C1:B6:61:07,-38, WPA2 ,0.000000,0.000000,0.000,0.000,AP
2022-10-07 11:42:26,1900-01-00 00:00:00,,0E:CF:57:B2:52:D9,-12,,0.000000,0.000000,0.000,0.000,Client
2022-10-07 11:42:26,1900-01-00 00:00:00,iPhone Y,2E:1E:C1:B6:61:07,-36, WPA2 ,0.000000,0.000000,0.000,0.000,AP
2022-10-07 11:42:26,1900-01-00 00:00:00,iPhone Y,2E:1E:C1:B6:61:07,-36, WPA2 ,0.000000,0.000000,0.000,0.000,AP
2022-10-07 11:42:26,1900-01-00 00:00:00,iPhone Y,2E:1E:C1:B6:61:07,-36, WPA2 ,0.000000,0.000000,0.000,0.000,AP
2022-10-07 11:42:26,1900-01-00 00:00:00,iPhone Y,2E:1E:C1:B6:61:07,-40, WPA2 ,0.000000,0.000000,0.000,0.000,AP
2022-10-07 11:42:26,1900-01-00 00:00:00,iPhone Y,2E:1E:C1:B6:61:07,-36, WPA2 ,0.000000,0.000000,0.000,0.000,AP
2022-10-07 11:42:26,1900-01-00 00:00:00,iPhone Y,2E:1E:C1:B6:61:07,-38, WPA2 ,0.000000,0.000000,0.000,0.000,AP
2022-10-07 11:42:26,1900-01-00 00:00:00,iPhone Y,2E:1E:C1:B6:61:07,-36, WPA2 ,0.000000,0.000000,0.000,0.000,AP
2022-10-07 11:42:26,1900-01-00 00:00:00,iPhone Y,2E:1E:C1:B6:61:07,-38, WPA2 ,0.000000,0.000000,0.000,0.000,AP
2022-10-07 11:42:26,1900-01-00 00:00:00,iPhone Y,2E:1E:C1:B6:61:07,-56, WPA2 ,0.000000,0.000000,0.000,0.000,AP
2022-10-07 11:42:26,1900-01-00 00:00:00,iPhone Y,2E:1E:C1:B6:61:07,-36, WPA2 ,0.000000,0.000000,0.000,0.000,AP
2022-10-07 11:42:26,1900-01-00 00:00:00,iPhone Y,2E:1E:C1:B6:61:07,-36, WPA2 ,0.000000,0.000000,0.000,0.000,AP
2022-10-07 11:42:26,1900-01-00 00:00:00,,0E:CF:57:B2:52:D9,-12,,0.000000,0.000000,0.000,0.000,Client
2022-10-07 11:42:26,1900-01-00 00:00:00,,0E:CF:57:B2:52:D9,-12,,0.000000,0.000000,0.000,0.000,Client
2022-10-07 11:42:26,1900-01-00 00:00:00,,0E:CF:57:B2:52:D9,-12,,0.000000,0.000000,0.000,0.000,Client
2022-10-07 11:42:26,1900-01-00 00:00:00,,0E:CF:57:B2:52:D9,-12,,0.000000,0.000000,0.000,0.000,Client
2022-10-07 11:42:26,1900-01-00 00:00:00,,0E:CF:57:B2:52:D9,-12,,0.000000,0.000000,0.000,0.000,Client
2022-10-07 11:42:26,1900-01-00 00:00:00,iPhone Y,2E:1E:C1:B6:61:07,-36, WPA2 ,0.000000,0.000000,0.000,0.000,AP
2022-10-07 11:42:26,1900-01-00 00:00:00,iPhone Y,2E:1E:C1:B6:61:07,-36, WPA2 ,0.000000,0.000000,0.000,0.000,AP
2022-10-07 11:42:26,1900-01-00 00:00:00,iPhone Y,2E:1E:C1:B6:61:07,-38, WPA2 ,0.000000,0.000000,0.000,0.000,AP
2022-10-07 11:42:26,1900-01-00 00:00:00,iPhone Y,2E:1E:C1:B6:61:07,-36, WPA2 ,0.000000,0.000000,0.000,0.000,AP
2022-10-07 11:42:26,1900-01-00 00:00:00,,0E:CF:57:B2:52:D9,-12,,0.000000,0.000000,0.000,0.000,Client
2022-10-07 11:42:26,1900-01-00 00:00:00,,0E:CF:57:B2:52:D9,-12,,0.000000,0.000000,0.000,0.000,Client
2022-10-07 11:42:26,1900-01-00 00:00:00,iPhone Y,2E:1E:C1:B6:61:07,-38, WPA2 ,0.000000,0.000000,0.000,0.000,AP
2022-10-07 11:42:26,1900-01-00 00:00:00,iPhone Y,2E:1E:C1:B6:61:07,-38, WPA2 ,0.000000,0.000000,0.000,0.000,AP
2022-10-07 11:42:26,1900-01-00 00:00:00,iPhone Y,2E:1E:C1:B6:61:07,-36, WPA2 ,0.000000,0.000000,0.000,0.000,AP
2022-10-07 11:42:26,1900-01-00 00:00:00,iPhone Y,2E:1E:C1:B6:61:07,-36, WPA2 ,0.000000,0.000000,0.000,0.000,AP
2022-10-07 11:42:26,1900-01-00 00:00:00,iPhone Y,2E:1E:C1:B6:61:07,-38, WPA2 ,0.000000,0.000000,0.000,0.000,AP
2022-10-07 11:42:26,1900-01-00 00:00:00,iPhone Y,2E:1E:C1:B6:61:07,-36, WPA2 ,0.000000,0.000000,0.000,0.000,AP
2022-10-07 11:42:26,1900-01-00 00:00:00,iPhone Y,2E:1E:C1:B6:61:07,-38, WPA2 ,0.000000,0.000000,0.000,0.000,AP
2022-10-07 11:42:27,1900-01-00 00:00:00,iPhone Y,2E:1E:C1:B6:61:07,-34, WPA2 ,0.000000,0.000000,0.000,0.000,AP
2022-10-07 11:42:27,1900-01-00 00:00:00,iPhone Y,2E:1E:C1:B6:61:07,-36, WPA2 ,0.000000,0.000000,0.000,0.000,AP
2022-10-07 11:42:27,1900-01-00 00:00:00,iPhone Y,2E:1E:C1:B6:61:07,-38, WPA2 ,0.000000,0.000000,0.000,0.000,AP
2022-10-07 11:42:27,1900-01-00 00:00:00,,0E:CF:57:B2:52:D9,-12,,0.000000,0.000000,0.000,0.000,Client
2022-10-07 11:42:27,1900-01-00 00:00:00,,0E:CF:57:B2:52:D9,-12,,0.000000,0.000000,0.000,0.000,Client
2022-10-07 11:42:27,1900-01-00 00:00:00,,0E:CF:57:B2:52:D9,-12,,0.000000,0.000000,0.000,0.000,Client
2022-10-07 11:42:27,1900-01-00 00:00:00,,0E:CF:57:B2:52:D9,-12,,0.000000,0.000000,0.000,0.000,Client
2022-10-07 11:42:27,1900-01-00 00:00:00,,0E:CF:57:B2:52:D9,-12,,0.000000,0.000000,0.000,0.000,Client
2022-10-07 11:42:27,1900-01-00 00:00:00,,0E:CF:57:B2:52:D9,-12,,0.000000,0.000000,0.000,0.000,Client
2022-10-07 11:42:27,1900-01-00 00:00:00,iPhone Y,2E:1E:C1:B6:61:07,-40, WPA2 ,0.000000,0.000000,0.000,0.000,AP
2022-10-07 11:42:27,1900-01-00 00:00:00,iPhone Y,2E:1E:C1:B6:61:07,-44, WPA2 ,0.000000,0.000000,0.000,0.000,AP
2022-10-07 11:42:27,1900-01-00 00:00:00,iPhone Y,2E:1E:C1:B6:61:07,-42, WPA2 ,0.000000,0.000000,0.000,0.000,AP
2022-10-07 11:42:27,1900-01-00 00:00:00,iPhone Y,2E:1E:C1:B6:61:07,-44, WPA2 ,0.000000,0.000000,0.000,0.000,AP
2022-10-07 11:42:27,1900-01-00 00:00:00,iPhone Y,2E:1E:C1:B6:61:07,-46, WPA2 ,0.000000,0.000000,0.000,0.000,AP
2022-10-07 11:42:27,1900-01-00 00:00:00,iPhone Y,2E:1E:C1:B6:61:07,-46, WPA2 ,0.000000,0.000000,0.000,0.000,AP
2022-10-07 11:42:27,1900-01-00 00:00:00,iPhone Y,2E:1E:C1:B6:61:07,-44, WPA2 ,0.000000,0.000000,0.000,0.000,AP
2022-10-07 11:42:27,1900-01-00 00:00:00,iPhone Y,2E:1E:C1:B6:61:07,-46, WPA2 ,0.000000,0.000000,0.000,0.000,AP
2022-10-07 11:42:27,1900-01-00 00:00:00,iPhone Y,2E:1E:C1:B6:61:07,-46, WPA2 ,0.000000,0.000000,0.000,0.000,AP
2022-10-07 11:42:27,1900-01-00 00:00:00,iPhone Y,2E:1E:C1:B6:61:07,-44, WPA2 ,0.000000,0.000000,0.000,0.000,AP
2022-10-07 11:42:27,1900-01-00 00:00:00,,0E:CF:57:B2:52:D9,-12,,0.000000,0.000000,0.000,0.000,Client
2022-10-07 11:42:27,1900-01-00 00:00:00,,0E:CF:57:B2:52:D9,-12,,0.000000,0.000000,0.000,0.000,Client
2022-10-07 11:42:27,1900-01-00 00:00:00,iPhone Y,2E:1E:C1:B6:61:07,-46, WPA2 ,0.000000,0.000000,0.000,0.000,AP
2022-10-07 11:42:27,1900-01-00 00:00:00,,0E:CF:57:B2:52:D9,-12,,0.000000,0.000000,0.000,0.000,Client
2022-10-07 11:42:27,1900-01-00 00:00:00,iPhone Y,2E:1E:C1:B6:61:07,-48, WPA2 ,0.000000,0.000000,0.000,0.000,AP
2022-10-07 11:42:27,1900-01-00 00:00:00,iPhone Y,2E:1E:C1:B6:61:07,-48, WPA2 ,0.000000,0.000000,0.000,0.000,AP
2022-10-07 11:42:27,1900-01-00 00:00:00,iPhone Y,2E:1E:C1:B6:61:07,-46, WPA2 ,0.000000,0.000000,0.000,0.000,AP
2022-10-07 11:42:27,1900-01-00 00:00:00,iPhone Y,2E:1E:C1:B6:61:07,-46, WPA2 ,0.000000,0.000000,0.000,0.000,AP
2022-10-07 11:42:27,1900-01-00 00:00:00,iPhone Y,2E:1E:C1:B6:61:07,-44, WPA2 ,0.000000,0.000000,0.000,0.000,AP
2022-10-07 11:42:27,1900-01-00 00:00:00,iPhone Y,2E:1E:C1:B6:61:07,-42, WPA2 ,0.000000,0.000000,0.000,0.000,AP
2022-10-07 11:42:27,1900-01-00 00:00:00,,0E:CF:57:B2:52:D9,-12,,0.000000,0.000000,0.000,0.000,Client
2022-10-07 11:42:27,1900-01-00 00:00:00,,0E:CF:57:B2:52:D9,-12,,0.000000,0.000000,0.000,0.000,Client
2022-10-07 11:42:27,1900-01-00 00:00:00,,0E:CF:57:B2:52:D9,-12,,0.000000,0.000000,0.000,0.000,Client
2022-10-07 11:42:27,1900-01-00 00:00:00,,0E:CF:57:B2:52:D9,-12,,0.000000,0.000000,0.000,0.000,Client
2022-10-07 11:42:27,1900-01-00 00:00:00,,0E:CF:57:B2:52:D9,-10,,0.000000,0.000000,0.000,0.000,Client
2022-10-07 11:42:27,1900-01-00 00:00:00,,0E:CF:57:B2:52:D9,-10,,0.000000,0.000000,0.000,0.000,Client
2022-10-07 11:42:27,1900-01-00 00:00:00,iPhone Y,2E:1E:C1:B6:61:07,-38, WPA2 ,0.000000,0.000000,0.000,0.000,AP
2022-10-07 11:42:28,1900-01-00 00:00:00,iPhone Y,2E:1E:C1:B6:61:07,-36, WPA2 ,0.000000,0.000000,0.000,0.000,AP
2022-10-07 11:42:28,1900-01-00 00:00:00,,0E:CF:57:B2:52:D9,-10,,0.000000,0.000000,0.000,0.000,Client
2022-10-07 11:42:28,1900-01-00 00:00:00,,0E:CF:57:B2:52:D9,-10,,0.000000,0.000000,0.000,0.000,Client
2022-10-07 11:42:28,1900-01-00 00:00:00,,0E:CF:57:B2:52:D9,-10,,0.000000,0.000000,0.000,0.000,Client
2022-10-07 11:42:28,1900-01-00 00:00:00,,0E:CF:57:B2:52:D9,-10,,0.000000,0.000000,0.000,0.000,Client
2022-10-07 11:42:28,1900-01-00 00:00:00,iPhone Y,2E:1E:C1:B6:61:07,-38, WPA2 ,0.000000,0.000000,0.000,0.000,AP
2022-10-07 11:42:28,1900-01-00 00:00:00,,0E:CF:57:B2:52:D9,-10,,0.000000,0.000000,0.000,0.000,Client
2022-10-07 11:42:28,1900-01-00 00:00:00,,0E:CF:57:B2:52:D9,-12,,0.000000,0.000000,0.000,0.000,Client
2022-10-07 11:42:28,1900-01-00 00:00:00,,0E:CF:57:B2:52:D9,-10,,0.000000,0.000000,0.000,0.000,Client
2022-10-07 11:42:28,1900-01-00 00:00:00,iPhone Y,2E:1E:C1:B6:61:07,-38, WPA2 ,0.000000,0.000000,0.000,0.000,AP
2022-10-07 11:42:28,1900-01-00 00:00:00,iPhone Y,2E:1E:C1:B6:61:07,-38, WPA2 ,0.000000,0.000000,0.000,0.000,AP
2022-10-07 11:42:28,1900-01-00 00:00:00,,0E:CF:57:B2:52:D9,-10,,0.000000,0.000000,0.000,0.000,Client
2022-10-07 11:42:28,1900-01-00 00:00:00,,0E:CF:57:B2:52:D9,-10,,0.000000,0.000000,0.000,0.000,Client
2022-10-07 11:42:28,1900-01-00 00:00:00,,0E:CF:57:B2:52:D9,-10,,0.000000,0.000000,0.000,0.000,Client
2022-10-07 11:42:28,1900-01-00 00:00:00,,0E:CF:57:B2:52:D9,-12,,0.000000,0.000000,0.000,0.000,Client
2022-10-07 11:42:28,1900-01-00 00:00:00,iPhone Y,2E:1E:C1:B6:61:07,-38, WPA2 ,0.000000,0.000000,0.000,0.000,AP
2022-10-07 11:42:28,1900-01-00 00:00:00,iPhone Y,2E:1E:C1:B6:61:07,-38, WPA2 ,0.000000,0.000000,0.000,0.000,AP
2022-10-07 11:42:28,1900-01-00 00:00:00,,0E:CF:57:B2:52:D9,-10,,0.000000,0.000000,0.000,0.000,Client
2022-10-07 11:42:28,1900-01-00 00:00:00,,0E:CF:57:B2:52:D9,-10,,0.000000,0.000000,0.000,0.000,Client
2022-10-07 11:42:28,1900-01-00 00:00:00,,0E:CF:57:B2:52:D9,-10,,0.000000,0.000000,0.000,0.000,Client
2022-10-07 11:42:28,1900-01-00 00:00:00,,0E:CF:57:B2:52:D9,-10,,0.000000,0.000000,0.000,0.000,Client
2022-10-07 11:42:29,1900-01-00 00:00:00,iPhone Y,2E:1E:C1:B6:61:07,-40, WPA2 ,0.000000,0.000000,0.000,0.000,AP
2022-10-07 11:42:29,1900-01-00 00:00:00,iPhone Y,2E:1E:C1:B6:61:07,-38, WPA2 ,0.000000,0.000000,0.000,0.000,AP
2022-10-07 11:42:29,1900-01-00 00:00:00,,0E:CF:57:B2:52:D9,-12,,0.000000,0.000000,0.000,0.000,Client
2022-10-07 11:42:29,1900-01-00 00:00:00,iPhone Y,2E:1E:C1:B6:61:07,-38, WPA2 ,0.000000,0.000000,0.000,0.000,AP
2022-10-07 11:42:29,1900-01-00 00:00:00,,0E:CF:57:B2:52:D9,-14,,0.000000,0.000000,0.000,0.000,Client
2022-10-07 11:42:29,1900-01-00 00:00:00,,0E:CF:57:B2:52:D9,-12,,0.000000,0.000000,0.000,0.000,Client
2022-10-07 11:42:29,1900-01-00 00:00:00,,0E:CF:57:B2:52:D9,-14,,0.000000,0.000000,0.000,0.000,Client
2022-10-07 11:42:29,1900-01-00 00:00:00,,0E:CF:57:B2:52:D9,-12,,0.000000,0.000000,0.000,0.000,Client
2022-10-07 11:42:29,1900-01-00 00:00:00,,0E:CF:57:B2:52:D9,-28,,0.000000,0.000000,0.000,0.000,Client
2022-10-07 11:42:29,1900-01-00 00:00:00,,0E:CF:57:B2:52:D9,-28,,0.000000,0.000000,0.000,0.000,Client
2022-10-07 11:42:29,1900-01-00 00:00:00,,0E:CF:57:B2:52:D9,-26,,0.000000,0.000000,0.000,0.000,Client
2022-10-07 11:42:29,1900-01-00 00:00:00,iPhone Y,2E:1E:C1:B6:61:07,-38, WPA2 ,0.000000,0.000000,0.000,0.000,AP
2022-10-07 11:42:29,1900-01-00 00:00:00,iPhone Y,2E:1E:C1:B6:61:07,-36, WPA2 ,0.000000,0.000000,0.000,0.000,AP
2022-10-07 11:42:29,1900-01-00 00:00:00,,0E:CF:57:B2:52:D9,-12,,0.000000,0.000000,0.000,0.000,Client
2022-10-07 11:42:29,1900-01-00 00:00:00,,0E:CF:57:B2:52:D9,-12,,0.000000,0.000000,0.000,0.000,Client
2022-10-07 11:42:29,1900-01-00 00:00:00,,0E:CF:57:B2:52:D9,-12,,0.000000,0.000000,0.000,0.000,Client
2022-10-07 11:42:29,1900-01-00 00:00:00,,0E:CF:57:B2:52:D9,-12,,0.000000,0.000000,0.000,0.000,Client
2022-10-07 11:42:29,1900-01-00 00:00:00,,0E:CF:57:B2:52:D9,-12,,0.000000,0.000000,0.000,0.000,Client
2022-10-07 11:42:29,1900-01-00 00:00:00,,0E:CF:57:B2:52:D9,-26,,0.000000,0.000000,0.000,0.000,Client
2022-10-07 11:42:29,1900-01-00 00:00:00,,0E:CF:57:B2:52:D9,-26,,0.000000,0.000000,0.000,0.000,Client
2022-10-07 11:42:29,1900-01-00 00:00:00,,0E:CF:57:B2:52:D9,-26,,0.000000,0.000000,0.000,0.000,Client
2022-10-07 11:42:29,1900-01-00 00:00:00,,0E:CF:57:B2:52:D9,-28,,0.000000,0.000000,0.000,0.000,Client
2022-10-07 11:42:29,1900-01-00 00:00:00,iPhone Y,2E:1E:C1:B6:61:07,-36, WPA2 ,0.000000,0.000000,0.000,0.000,AP
2022-10-07 11:42:29,1900-01-00 00:00:00,iPhone Y,2E:1E:C1:B6:61:07,-36, WPA2 ,0.000000,0.000000,0.000,0.000,AP
2022-10-07 11:42:29,1900-01-00 00:00:00,iPhone Y,2E:1E:C1:B6:61:07,-36, WPA2 ,0.000000,0.000000,0.000,0.000,AP
2022-10-07 11:42:29,1900-01-00 00:00:00,iPhone Y,2E:1E:C1:B6:61:07,-34, WPA2 ,0.000000,0.000000,0.000,0.000,AP
2022-10-07 11:42:29,1900-01-00 00:00:00,iPhone Y,2E:1E:C1:B6:61:07,-34, WPA2 ,0.000000,0.000000,0.000,0.000,AP
2022-10-07 11:42:29,1900-01-00 00:00:00,iPhone Y,2E:1E:C1:B6:61:07,-34, WPA2 ,0.000000,0.000000,0.000,0.000,AP
2022-10-07 11:42:29,1900-01-00 00:00:00,iPhone Y,2E:1E:C1:B6:61:07,-34, WPA2 ,0.000000,0.000000,0.000,0.000,AP
2022-10-07 11:42:29,1900-01-00 00:00:00,,0E:CF:57:B2:52:D9,-12,,0.000000,0.000000,0.000,0.000,Client
2022-10-07 11:42:29,1900-01-00 00:00:00,iPhone Y,2E:1E:C1:B6:61:07,-28, WPA2 ,0.000000,0.000000,0.000,0.000,AP
